stratum,system_id,station_id,lat,lon,station_type,capacity,operator_name,city,flag_A1,flag_A2,flag_A3,flag_A4,flag_A5,flag_A6,flag_A7,audit_confidence,Q0_libre_service,Q1_docks_presents,Q2_nb_docks_classe,Q3a_perimetre,Q3b_proximite,verdict,evidence,annotator,seconds,notes
A1_carsharing,citiz_grand_est,245,47.74381637573242,7.397079944610596,carsharing,2.0,Citiz (carsharing),Strasbourg,True,False,False,False,True,False,False,low,,,,,,,,,,
A4_discordant_legacy,dott-paris,48fb7658-fa7a-4b74-a7ac-c242261a309c,48.88624771022648,2.2854565352281413,free_floating,,Dott,Paris,False,False,True,False,False,False,True,low,,,,,,,,,,
clean_docked,levelo_inurba_marseille,st_d3jp68qikq2c7381ktn0,43.29788,5.44046,docked_bike,20.0,levélo - Marseille,Marseille,False,False,False,False,False,False,False,high,,,,,,,,,,
A4_agree_flag,pony_Evry,evry_parking_Virtual_ecorne_Boeuf_zidE3RV9YFS,48.64547,2.43366,free_floating,,Pony,Evry,False,False,True,False,False,False,True,low,,,,,,,,,,
A4_agree_flag,bird-ajaccio,1d922635-050c-40f4-bf85-fc3747950a9a,41.908002200000006,8.682466300000002,free_floating,,Bird,Ajaccio,False,False,True,False,False,False,True,low,,,,,,,,,,
ff_honest_capacity,pony_paris,paris_parking_EMILE_LAURENT_zidPMPOVVUT,48.84111,2.41135,free_floating,2.0,Pony,Paris,False,False,True,False,False,False,False,medium,,,,,,,,,,
A2_placeholder,velozef,cirqbucg3q5td18hqst0,48.37655,-4.55336,docked_bike,10.0,VéloZef,Brest,False,True,False,False,False,False,False,low,,,,,,,,,,
A5_out_of_perimeter,citiz_grand_est,239,48.584266662597656,7.755518913269043,carsharing,2.0,Citiz (carsharing),Strasbourg,True,False,False,False,True,False,False,low,,,,,,,,,,
A7_null_capacity,Optymo_Belfort_ALS,4d3a9251-6bfe-4717-99db-d3a06252353a,47.640718,6.866501,carsharing,,Optymo Belfort Auto libre-service,Belfort,True,False,False,False,False,False,True,low,,,,,,,,,,
ff_honest_capacity,pony_paris,paris_parking_BAUDRICOURT_zidV5YICKPI,48.82511,2.36249,free_floating,2.0,Pony,Paris,False,False,True,False,False,False,False,medium,,,,,,,,,,
clean_docked,Paris,128841079,48.866143390992,2.3251800647137,docked_bike,40.0,Vélib' Métropole,Paris,False,False,False,False,False,False,False,high,,,,,,,,,,
A7_null_capacity,Optymo_Belfort_ALS,445ab067-897f-4d6b-8e32-3ce41482730c,47.641113,6.861614,carsharing,,Optymo Belfort Auto libre-service,Belfort,True,False,False,False,False,False,True,low,,,,,,,,,,
ff_honest_capacity,pony_paris,paris_parking_CHAPELLE_zidFEG6NMAT,48.88492,2.35962,free_floating,2.0,Pony,Paris,False,False,True,False,False,False,False,medium,,,,,,,,,,
A3_freefloating,pony_Angers,angers_parking_Point_33_zidNDG81SK3,47.46165732505654,-0.535464288720621,free_floating,,Pony,Angers,False,False,True,False,False,False,True,low,,,,,,,,,,
A4_agree_flag,velodaqui,stn_BqHu8UvbgqyuvwRosikU5s,42.54529,3.025001,docked_bike,16.0,Vélo d'Aqui,Argelès-sur-Mer,False,False,False,True,False,False,False,low,,,,,,,,,,
A5_out_of_perimeter,lyon,8020,45.729714,4.854338,docked_bike,22.0,Vélo'V,Lyon,False,False,False,False,True,False,False,low,,,,,,,,,,
clean_docked,levelo_inurba_marseille,ce4bho12rcd13ifvqh2g,43.280784,5.396622,docked_bike,20.0,levélo - Marseille,Marseille,False,False,False,False,False,False,False,high,,,,,,,,,,
A1_carsharing,citiz_alpes_loire,836,45.20261764526367,5.704329013824463,carsharing,2.0,Citiz (carsharing),Grenoble,True,False,False,False,False,False,False,low,,,,,,,,,,
A3_freefloating,dott-lyon,a3456ff5-cde6-4716-8165-18318a6ae824,45.75103268,4.889258915,free_floating,,Dott,Lyon,False,False,True,False,False,False,True,low,,,,,,,,,,
A7_null_capacity,Optymo_Belfort_ALS,0d0d97cd-27e9-4b75-8269-fa7ae3d1c703,47.650345,6.85917,carsharing,,Optymo Belfort Auto libre-service,Belfort,True,False,False,False,False,False,True,low,,,,,,,,,,
A7_null_capacity,Optymo_Belfort_ALS,e0736e44-a117-477b-ab31-b433e776dc56,47.654396,6.846897,carsharing,,Optymo Belfort Auto libre-service,Belfort,True,False,False,False,False,False,True,low,,,,,,,,,,
A4_discordant_composite,nextbike_ah,538514305,49.010438,2.041857,docked_bike,11.0,Vélo&Co,FR,False,False,False,False,False,False,False,high,,,,,,,,,,
ff_honest_capacity,pony_paris,paris_parking_BARYE_zid2A9GQ03Z,48.88168,2.30301,free_floating,3.0,Pony,Paris,False,False,True,False,False,False,False,medium,,,,,,,,,,
A1_carsharing,citiz_alpes_loire,1815,45.5675,5.93258,carsharing,1.0,Citiz (carsharing),Grenoble,True,False,False,False,False,False,False,low,,,,,,,,,,
A4_agree_flag,bird-millau,9b5e1e1d-400a-4946-a8db-2379ed4cf354,44.0976926,3.0449569,free_floating,,Bird,Millau,False,False,True,False,False,False,True,low,,,,,,,,,,
A7_null_capacity,Optymo_Belfort_ALS,b9ade083-519b-4915-b964-59cd759d1e11,47.652611,6.864274,carsharing,,Optymo Belfort Auto libre-service,Belfort,True,False,False,False,False,False,True,low,,,,,,,,,,
A1_carsharing,citiz_alpes_loire,1048,45.18339920043945,5.732905864715576,carsharing,6.0,Citiz (carsharing),Grenoble,True,False,False,False,False,False,False,low,,,,,,,,,,
ff_honest_capacity,pony_paris,paris_parking_SOLITAIRES_zidSAX0YQYJ,48.87669,2.3919,free_floating,1.0,Pony,Paris,False,False,True,False,False,False,False,medium,,,,,,,,,,
A2_placeholder,velozef,cirqbokg3q5td18hqob0,48.4148,-4.4918,docked_bike,10.0,VéloZef,Brest,False,True,False,False,False,False,False,low,,,,,,,,,,
A2_placeholder,velozef,cirqbpkg3q5td18hqp1g,48.41234,-4.46954,docked_bike,10.0,VéloZef,Brest,False,True,False,False,False,False,False,low,,,,,,,,,,
ff_honest_capacity,pony_paris,paris_parking_WAGRAM_zidUX5BM3J6,48.88317,2.30178,free_floating,1.0,Pony,Paris,False,False,True,False,False,False,False,medium,,,,,,,,,,
clean_docked,le_velo_star,5535,48.11026,-1.664454,docked_bike,20.0,LE vélo STAR,Rennes,False,False,False,False,False,False,False,high,,,,,,,,,,
A7_null_capacity,Optymo_Belfort_ALS,683ebe0b-ff1a-4ca9-8ecf-c9c4cbf2cc37,47.641448,6.839563,carsharing,,Optymo Belfort Auto libre-service,Belfort,True,False,False,False,False,False,True,low,,,,,,,,,,
A4_discordant_legacy,dott-paris,5ed34e0e-08ec-420d-8832-ae45ac7bad38,48.84309113235709,2.270580330987755,free_floating,,Dott,Paris,False,False,True,False,False,False,True,low,,,,,,,,,,
clean_docked,toulouse,385,43.587323,1.39462,docked_bike,13.0,VélÔToulouse,Toulouse,False,False,False,False,False,False,False,high,,,,,,,,,,
ff_honest_capacity,pony_paris,paris_parking_GASTON_TISSANDIER_zid5I5GN16E,48.89932,2.36601,free_floating,2.0,Pony,Paris,False,False,True,False,False,False,False,medium,,,,,,,,,,
A4_discordant_legacy,citiz_metropole_lyon,496,45.76132771389691,4.923709192352527,carsharing,2.0,Citiz (carsharing),Lyon,True,False,False,False,False,False,False,low,,,,,,,,,,
ff_honest_capacity,pony_paris,paris_parking_RASSELINS_zidO2QCL07U,48.85576,2.40738,free_floating,2.0,Pony,Paris,False,False,True,False,False,False,False,medium,,,,,,,,,,
clean_docked,velopop,cpbfghsqessegmi81dgg,43.9391,4.82137,docked_bike,20.0,Vélopop,Avignon,False,False,False,False,False,False,False,high,,,,,,,,,,
A2_placeholder,velozef,cirqbnkg3q5td18hqnn0,48.4047,-4.50944,docked_bike,10.0,VéloZef,Brest,False,True,False,False,False,False,False,low,,,,,,,,,,
A1_carsharing,citiz_grand_est,353,49.2604052,4.0223113,carsharing,1.0,Citiz (carsharing),Strasbourg,True,False,False,False,True,False,False,low,,,,,,,,,,
A4_discordant_composite,bird-draguignan,b78e4d65-04d3-477d-b113-224c10e6bf0a,43.5241882,6.472086,free_floating,,Bird,Draguignan,False,False,True,False,False,False,True,low,,,,,,,,,,
A3_freefloating,dott-paris,5045a625-8bdc-4162-bdbd-e8916dba80e4,48.86920052758607,2.391655846714873,free_floating,,Dott,Paris,False,False,True,False,False,False,True,low,,,,,,,,,,
A2_placeholder,velozef,st_d52j69co7dgs73ca65tg,48.37273,-4.37028,docked_bike,10.0,VéloZef,Brest,False,True,False,False,False,False,False,low,,,,,,,,,,
A7_null_capacity,Optymo_Belfort_ALS,b275f6f3-9715-4bf9-bd2e-66ec5a7eeb82,47.634733,6.85126,carsharing,,Optymo Belfort Auto libre-service,Belfort,True,False,False,False,False,False,True,low,,,,,,,,,,
A7_null_capacity,Optymo_Belfort_ALS,50a9a79c-79bc-4ca1-9c69-ed4f45411b1f,47.631719,6.861281,carsharing,,Optymo Belfort Auto libre-service,Belfort,True,False,False,False,False,False,True,low,,,,,,,,,,
A3_freefloating,dott-paris,f0f567ba-f114-43b9-b797-31d25d69aca8,48.85022898338583,2.383222686728375,free_floating,,Dott,Paris,False,False,True,False,False,False,True,low,,,,,,,,,,
A4_agree_flag,Paris,20497547989,48.76529107158,2.3926565092808,docked_bike,22.0,Vélib' Métropole,Paris,False,False,False,False,False,False,False,high,,,,,,,,,,
A1_carsharing,citiz_metropole_lyon,1150,45.7698516845703,4.85418081283569,carsharing,3.0,Citiz (carsharing),Lyon,True,False,False,False,False,False,False,low,,,,,,,,,,
ff_honest_capacity,pony_paris,paris_parking_SAINT_MAUR_zid37LQIBAL,48.87071,2.37282,free_floating,2.0,Pony,Paris,False,False,True,False,False,False,False,medium,,,,,,,,,,
A7_null_capacity,Optymo_Belfort_ALS,8c166007-0c2e-426b-9e28-a5b216ccc532,47.651946,6.856263,carsharing,,Optymo Belfort Auto libre-service,Belfort,True,False,False,False,False,False,True,low,,,,,,,,,,
A1_carsharing,citiz_grand_est,1734,48.601293,7.74282,carsharing,1.0,Citiz (carsharing),Strasbourg,True,False,False,False,True,False,False,low,,,,,,,,,,
A5_out_of_perimeter,grand-est,st_d34n05mmbtds7381r9j0,48.25952,7.44303,docked_bike,,Velo Fluo Grand-Est,Grand Est,False,False,False,False,True,False,False,low,,,,,,,,,,
ff_honest_capacity,pony_paris,paris_parking_LEBLANC_zidSSI9V1UT,48.83647,2.28031,free_floating,1.0,Pony,Paris,False,False,True,False,False,False,False,medium,,,,,,,,,,
A4_discordant_legacy,citiz_grand_est,93,47.751930236816406,7.33689022064209,carsharing,3.0,Citiz (carsharing),Strasbourg,True,False,False,False,True,False,False,low,,,,,,,,,,
A3_freefloating,pony_Bourges,Bourges_parking_76,47.087063,2.387296,free_floating,,Pony,Bourges,False,False,True,False,False,False,True,low,,,,,,,,,,
A4_discordant_composite,bird-draguignan,872b0e65-7d78-4976-b880-f54f23b38679,43.5444847,6.4639504,free_floating,,Bird,Draguignan,False,False,True,False,False,False,True,low,,,,,,,,,,
A1_carsharing,citiz_developpement,1690,49.1602853,-0.3615749,carsharing,1.0,Citiz (carsharing),France,True,False,False,False,True,False,False,low,,,,,,,,,,
A5_out_of_perimeter,lyon,3014,45.758925,4.860098,docked_bike,40.0,Vélo'V,Lyon,False,False,False,False,True,False,False,low,,,,,,,,,,
A4_discordant_legacy,dott-paris,5e181b2c-86ad-4740-b099-588314932808,48.83972379941177,2.404144216306197,free_floating,,Dott,Paris,False,False,True,False,False,False,True,low,,,,,,,,,,
A2_placeholder,velozef,cirqbjkg3q5td18hqkbg,48.38349,-4.48555,docked_bike,10.0,VéloZef,Brest,False,True,False,False,False,False,False,low,,,,,,,,,,
A7_null_capacity,Optymo_Belfort_ALS,4aa034d2-5704-4563-8197-28237758f9c6,47.656102,6.846145,carsharing,,Optymo Belfort Auto libre-service,Belfort,True,False,False,False,False,False,True,low,,,,,,,,,,
A4_discordant_legacy,dott-paris,801a6a57-41b0-4e89-ac6e-2dae03914078,48.81846633679044,2.3638579829762545,free_floating,,Dott,Paris,False,False,True,False,False,False,True,low,,,,,,,,,,
A3_freefloating,dott-paris,b9b0a6f7-a2ef-477b-bce9-82bc2af9904c,48.85581574836172,2.3692642991125017,free_floating,,Dott,Paris,False,False,True,False,False,False,True,low,,,,,,,,,,
ff_honest_capacity,pony_paris,paris_parking_VULPIAN_zidTPL8N24I,48.83099,2.34608,free_floating,2.0,Pony,Paris,False,False,True,False,False,False,False,medium,,,,,,,,,,
A7_null_capacity,Optymo_Belfort_ALS,42f1e2e3-0b35-4979-9a17-4b7cdcdedb02,47.643432,6.844364,carsharing,,Optymo Belfort Auto libre-service,Belfort,True,False,False,False,False,False,True,low,,,,,,,,,,
A1_carsharing,citiz_grand_est,220,48.337528228759766,7.288344860076904,carsharing,2.0,Citiz (carsharing),Strasbourg,True,False,False,True,True,False,False,low,,,,,,,,,,
ff_honest_capacity,pony_paris,paris_parking_CLICHY_zidN99KK1R9,48.87888,2.32961,free_floating,2.0,Pony,Paris,False,False,True,False,False,False,False,medium,,,,,,,,,,
clean_docked,cyclovis,stn_4QiSUtdwHXxgwTn7krNbJT,49.359502,3.339947,docked_bike,7.0,Cyclovis,Soissons,False,False,False,False,False,False,False,high,,,,,,,,,,
A3_freefloating,voi_Marseille,cf55cf66-6499-4dd4-b211-c4144b44089f,43.273172,5.385294,free_floating,5.0,Voi,Marseille,False,False,True,False,False,False,False,medium,,,,,,,,,,
clean_docked,Paris,308082350,48.876733496638,2.2834577411413,docked_bike,28.0,Vélib' Métropole,Paris,False,False,False,False,False,False,False,high,,,,,,,,,,
A4_discordant_composite,velopop,cpbfggsqessegmi81c60,43.95083,4.81424,docked_bike,20.0,Vélopop,Avignon,False,False,False,False,False,False,False,high,,,,,,,,,,
A2_placeholder,velozef,st_d52j60ko7dgs73ca65e0,48.42827,-4.51467,docked_bike,10.0,VéloZef,Brest,False,True,False,True,False,False,False,low,,,,,,,,,,
ff_honest_capacity,pony_paris,paris_parking_ITALIE_zidBWBT3EHR,48.83186,2.35656,free_floating,1.0,Pony,Paris,False,False,True,False,False,False,False,medium,,,,,,,,,,
A1_carsharing,Optymo_Belfort_ALS,8befbde2-0673-4c33-b238-bf2abbf8fdd7,47.63704,6.873077,carsharing,,Optymo Belfort Auto libre-service,Belfort,True,False,False,False,False,False,True,low,,,,,,,,,,
clean_docked,toulouse,74,43.596667,1.436229,docked_bike,18.0,VélÔToulouse,Toulouse,False,False,False,False,False,False,False,high,,,,,,,,,,
ff_honest_capacity,pony_paris,paris_parking_VANEAU_zidOIZYBFL0,48.85456,2.31984,free_floating,1.0,Pony,Paris,False,False,True,False,False,False,False,medium,,,,,,,,,,
ff_honest_capacity,pony_paris,paris_parking_THERESE_zid8O29R8V5,48.86636,2.33496,free_floating,1.0,Pony,Paris,False,False,True,False,False,False,False,medium,,,,,,,,,,
clean_docked,Paris,128843085,48.86349087172447,2.3400671035051346,docked_bike,30.0,Vélib' Métropole,Paris,False,False,False,False,False,False,False,high,,,,,,,,,,
clean_docked,inurba-rouen,3566,49.432884474254735,1.0859330551118376,docked_bike,12.0,LOVELO Libre-service,Rouen,False,False,False,False,False,False,False,high,,,,,,,,,,
A7_null_capacity,Optymo_Belfort_ALS,5aff6fa5-dc7e-4c98-bc01-e61e9e043367,47.630361,6.852795,carsharing,,Optymo Belfort Auto libre-service,Belfort,True,False,False,False,False,False,True,low,,,,,,,,,,
clean_docked,tanlib,stn_d7hQ9mvcr5MQEiCHfjijbV,46.32398,-0.46426,docked_bike,14.0,Vélo Tanlib,Niort,False,False,False,False,False,False,False,high,,,,,,,,,,
A3_freefloating,pony_bordeaux,bordeaux_parking_Marquage_748123_zidCRXY2VT2,44.87853,-0.58502,free_floating,,Pony,Bordeaux,False,False,True,False,False,False,True,low,,,,,,,,,,
A3_freefloating,voi_Grenoble,1adf76b4-45d3-4b4b-8225-1fcf94a84102,45.143354,5.699955,free_floating,8.0,Voi,Grenoble,False,False,True,False,False,False,False,medium,,,,,,,,,,
A7_null_capacity,Optymo_Belfort_ALS,45b92fc2-3d63-4dfb-946a-97924e4fc2c0,47.646189,6.851107,carsharing,,Optymo Belfort Auto libre-service,Belfort,True,False,False,False,False,False,True,low,,,,,,,,,,
A5_out_of_perimeter,lyon,1022,45.769508,4.837495,docked_bike,36.0,Vélo'V,Lyon,False,False,False,False,True,False,False,low,,,,,,,,,,
A4_discordant_legacy,dott-paris,bd6292da-47dd-4064-a716-37b023063084,48.844821,2.441717,free_floating,,Dott,Paris,False,False,True,False,False,False,True,low,,,,,,,,,,
A2_placeholder,velozef,cirqbq4g3q5td18hqph0,48.39475,-4.46298,docked_bike,10.0,VéloZef,Brest,False,True,False,False,False,False,False,low,,,,,,,,,,
clean_docked,impulsyon,stn_a2BM5JGRBA2GVAz7tPDuvL,46.68198,-1.43469,docked_bike,6.0,Impulsyon,La Roche-sur-Yon,False,False,False,False,False,False,False,high,,,,,,,,,,
A4_discordant_composite,pony_Herouville,Herouville_parking_64,49.21213,-0.3305,free_floating,,Pony,Herouville-Saint-Clair,False,False,True,False,False,False,True,low,,,,,,,,,,
A4_discordant_composite,bird-montlucon,0dbe978c-a8eb-41c8-9f08-19bab1c697c7,46.3579349,2.6008078,free_floating,,Bird,Montluçon,False,False,True,False,False,False,True,low,,,,,,,,,,
clean_docked,amiens,114,49.88149,2.28513,docked_bike,15.0,Velam,Amiens,False,False,False,False,False,False,False,high,,,,,,,,,,
A3_freefloating,dott-paris,ccfc7d50-0d60-4812-b782-fae90e49ad78,48.84393464329393,2.411669906169542,free_floating,,Dott,Paris,False,False,True,False,False,False,True,low,,,,,,,,,,
clean_docked,Paris,66491368,48.849686566191,2.3434996604919,docked_bike,69.0,Vélib' Métropole,Paris,False,False,False,False,False,False,False,high,,,,,,,,,,
A5_out_of_perimeter,citiz_developpement,1680,48.8755294,2.2325856,carsharing,2.0,Citiz (carsharing),France,True,False,False,False,True,False,False,low,,,,,,,,,,
clean_docked,beb,stn_jyjuq9eYHz2rHWDMJzDdJB,46.238528,5.228655,docked_bike,10.0,Rubis'Velo,Bourg-en-Bresse,False,False,False,False,False,False,False,high,,,,,,,,,,
ff_honest_capacity,pony_paris,paris_parking_BEL_AIR_zidJ90E2CGU,48.84244,2.40846,free_floating,1.0,Pony,Paris,False,False,True,False,False,False,False,medium,,,,,,,,,,
A4_agree_flag,Optymo_Belfort_ALS,2ef6cd3d-3b63-45e3-a001-234c84dce8d5,47.664381,6.846609,carsharing,,Optymo Belfort Auto libre-service,Belfort,True,False,False,False,False,False,True,low,,,,,,,,,,
A1_carsharing,citiz_grand_est,1829,49.250107196979,4.0389158192257,carsharing,1.0,Citiz (carsharing),Strasbourg,True,False,False,False,True,False,False,low,,,,,,,,,,
A4_discordant_composite,pony_Herouville,Herouville_parking_20,49.210212,-0.336351,free_floating,,Pony,Herouville-Saint-Clair,False,False,True,False,False,False,True,low,,,,,,,,,,
A5_out_of_perimeter,lyon,2001,45.758,4.834594,docked_bike,18.0,Vélo'V,Lyon,False,False,False,False,True,False,False,low,,,,,,,,,,
A4_discordant_legacy,dott-paris,d52308ed-dca1-47ec-836f-3ea740ef1f00,48.87468589565621,2.2779667679723445,free_floating,,Dott,Paris,False,False,True,False,False,False,True,low,,,,,,,,,,
A4_discordant_composite,besancon,3,47.239978,6.019691,docked_bike,15.0,VéloCité,Besançon,False,False,False,False,False,False,False,high,,,,,,,,,,
A1_carsharing,citiz_alpes_loire,997,46.06819152832031,6.3036208152771,carsharing,2.0,Citiz (carsharing),Grenoble,True,False,False,False,False,False,False,low,,,,,,,,,,
A4_agree_flag,citiz_angers,1186,47.503303,-0.58692,carsharing,4.0,Citiz (carsharing),Angers,True,False,False,True,False,False,False,low,,,,,,,,,,
A7_null_capacity,Optymo_Belfort_ALS,bbff9998-ead1-4bf0-af77-638d95e78b64,47.634338,6.855909,carsharing,,Optymo Belfort Auto libre-service,Belfort,True,False,False,False,False,False,True,low,,,,,,,,,,
A1_carsharing,citiz_nantes,568,47.20903015136719,-1.5684700012207031,carsharing,2.0,Citiz (carsharing),Nantes,True,False,False,False,False,False,False,low,,,,,,,,,,
A7_null_capacity,Optymo_Belfort_ALS,285fd809-8396-44d1-8988-8a7ad961fd0b,47.63467,6.845638,carsharing,,Optymo Belfort Auto libre-service,Belfort,True,False,False,False,False,False,True,low,,,,,,,,,,
A4_discordant_composite,bird-gap,12af37f5-9015-441e-9fec-0a1d200d3e5f,44.53220410122498,6.061139225717948,free_floating,,Bird,Gap,False,False,True,False,False,False,True,low,,,,,,,,,,
A7_null_capacity,Optymo_Belfort_ALS,10a87317-7863-452e-93b6-3fad65bf839d,47.629318,6.858079,carsharing,,Optymo Belfort Auto libre-service,Belfort,True,False,False,False,False,False,True,low,,,,,,,,,,
clean_docked,cergy,50001,49.048246,2.011238,docked_bike,29.0,Vélo&Co,Cergy-Pontoise,False,False,False,False,False,False,False,high,,,,,,,,,,
A4_discordant_legacy,bird-bordeaux,a992d22a-a905-4116-ad5d-c4b26d52ef18,44.87608719827119,-0.5483039675850891,free_floating,,Bird,Bordeaux,False,False,True,False,False,False,True,low,,,,,,,,,,
A4_agree_flag,citiz_angers,1750,47.466423,-0.598383,carsharing,1.0,Citiz (carsharing),Angers,True,False,False,False,False,False,False,low,,,,,,,,,,
A4_discordant_legacy,dott-paris,90cccff3-19e6-4717-9441-63f90db77524,48.87774225968687,2.405276824705093,free_floating,,Dott,Paris,False,False,True,False,False,False,True,low,,,,,,,,,,
A4_discordant_legacy,dott-paris,9916d097-c75b-46ec-ad0f-6114219782a4,48.819756,2.374746,free_floating,,Dott,Paris,False,False,True,False,False,False,True,low,,,,,,,,,,
A1_carsharing,citiz_alpes_loire,736,45.56940078735352,5.93310022354126,carsharing,2.0,Citiz (carsharing),Grenoble,True,False,False,False,False,False,False,low,,,,,,,,,,
A4_agree_flag,bird-millau,0ebecdf5-6c30-4de7-8ada-581f0c88fcaa,44.088492,3.053926,free_floating,,Bird,Millau,False,False,True,False,False,False,True,low,,,,,,,,,,
A4_discordant_composite,pony_Beauvais,beauvais_parking_Centre_Commercial_zid6M50VVC9,49.4345641,2.1059974,free_floating,,Pony,Beauvais,False,False,True,False,False,False,True,low,,,,,,,,,,
A4_discordant_legacy,dott-paris,cec9ee79-3755-4dec-aa2a-999af3b57824,48.817161060018414,2.332167342421082,free_floating,,Dott,Paris,False,False,True,False,False,False,True,low,,,,,,,,,,
ff_honest_capacity,pony_paris,paris_parking_DELESSERT_zidLK95B0QB,48.85905,2.28697,free_floating,2.0,Pony,Paris,False,False,True,False,False,False,False,medium,,,,,,,,,,
A1_carsharing,citiz_alpes_loire,1721,45.988771,4.722479,carsharing,2.0,Citiz (carsharing),Grenoble,True,False,False,False,False,False,False,low,,,,,,,,,,
A4_discordant_composite,levelo_inurba_marseille,ce4bhpp2rcd13ifvqhgg,43.326605,5.409903,docked_bike,20.0,levélo - Marseille,Marseille,False,False,False,False,False,False,False,high,,,,,,,,,,
A4_discordant_legacy,dott-paris,29618b59-8343-4700-8db7-cd0bde89d068,48.84536109126734,2.2545374323385663,free_floating,,Dott,Paris,False,False,True,False,False,False,True,low,,,,,,,,,,
A1_carsharing,citiz_alpes_loire,1211,45.364315,5.594211,carsharing,2.0,Citiz (carsharing),Grenoble,True,False,False,False,False,False,False,low,,,,,,,,,,
A4_discordant_legacy,dott-paris,644bc2e0-9792-4b79-a156-4ebcdecf5d60,48.86239493221925,2.409389874094141,free_floating,,Dott,Paris,False,False,True,False,False,False,True,low,,,,,,,,,,
ff_honest_capacity,pony_paris,paris_parking_ANJOU_zidQHL5AW60,48.87501,2.32299,free_floating,2.0,Pony,Paris,False,False,True,False,False,False,False,medium,,,,,,,,,,
A4_agree_flag,Paris,653197206,48.87555620763429,2.165596783161164,docked_bike,24.0,Vélib' Métropole,Paris,False,False,False,True,False,False,False,low,,,,,,,,,,
A4_discordant_legacy,pony_paris,paris_parking_AUBERVILLIERS_zidNHQZ4YZN,48.89277,2.36954,free_floating,1.0,Pony,Paris,False,False,True,False,False,False,False,medium,,,,,,,,,,
A3_freefloating,dott-paris,eda5a90f-2dc6-4d28-9717-90d675a98f40,48.84857060662551,2.260498657370869,free_floating,,Dott,Paris,False,False,True,False,False,False,True,low,,,,,,,,,,
A5_out_of_perimeter,lyon,7002,45.751102,4.836154,docked_bike,39.0,Vélo'V,Lyon,False,False,False,False,True,False,False,low,,,,,,,,,,
A4_discordant_legacy,dott-lyon,e89df89b-37c1-440d-9fb3-b8a1295cf0b8,45.73014189,4.868162446,free_floating,,Dott,Lyon,False,False,True,False,False,False,True,low,,,,,,,,,,
A7_null_capacity,Optymo_Belfort_ALS,12b1a618-61b6-47f4-931b-0cf8134c0894,47.61801,6.862035,carsharing,,Optymo Belfort Auto libre-service,Belfort,True,False,False,True,False,False,True,low,,,,,,,,,,
A4_discordant_composite,le_velo_star,5556,48.116314,-1.705097,docked_bike,14.0,LE vélo STAR,Rennes,False,False,False,False,False,False,False,high,,,,,,,,,,
clean_docked,dijon,35,47.331,5.025,docked_bike,15.0,Velodi,Dijon,False,False,False,False,False,False,False,high,,,,,,,,,,
A4_discordant_legacy,dott-lyon,a9638ab5-727a-4df5-b756-c26b0145d130,45.78930597,4.847348004,free_floating,,Dott,Lyon,False,False,True,False,False,False,True,low,,,,,,,,,,
clean_docked,velonecy60minutes_annecy,st_d0q8h225u9tmfvdh5eug,45.8882,6.09923,docked_bike,10.0,Vélonecy,Annecy,False,False,False,False,False,False,False,high,,,,,,,,,,
A4_discordant_legacy,pony_Perpignan,perpignan_parking_Cocteau_Marais_zidIFLHPTAY,42.82841,3.03846,free_floating,,Pony,Perpignan,False,False,True,False,False,False,True,low,,,,,,,,,,
A4_discordant_composite,pony_Bourges,bourges_parking_Parking_Principal_zidKLHLPFIW,47.0970115,2.3887196,free_floating,,Pony,Bourges,False,False,True,False,False,False,True,low,,,,,,,,,,
A4_discordant_legacy,pony_Perpignan,perpignan_parking_Parking_les_regates_zid4TUR65KT,42.78995,3.03789,free_floating,,Pony,Perpignan,False,False,True,False,False,False,True,low,,,,,,,,,,
A4_discordant_composite,dijon,18,47.3283,5.0445,docked_bike,35.0,Velodi,Dijon,False,False,False,False,False,False,False,high,,,,,,,,,,
A4_agree_flag,nextbike_af,551506461,47.788812,7.335581,docked_bike,20.0,VéloCité Mulhouse,Mulhouse,False,False,False,True,False,False,False,low,,,,,,,,,,
clean_docked,Paris,54000547,48.851751374458864,2.338161695134053,docked_bike,37.0,Vélib' Métropole,Paris,False,False,False,False,False,False,False,high,,,,,,,,,,
A4_discordant_composite,le_velo_star,5580,48.123463,-1.659762,docked_bike,29.0,LE vélo STAR,Rennes,False,False,False,False,False,False,False,high,,,,,,,,,,
clean_docked,beb,stn_Lm3VNhCDCCWGie5594UZKD,46.20249,5.191376,docked_bike,10.0,Rubis'Velo,Bourg-en-Bresse,False,False,False,False,False,False,False,high,,,,,,,,,,
A4_discordant_legacy,pony_paris,paris_parking_PY_zidBOCGUZ5T,48.86524,2.40492,free_floating,2.0,Pony,Paris,False,False,True,False,False,False,False,medium,,,,,,,,,,
A1_carsharing,citiz_grand_est,241,48.59953308105469,7.746726989746094,carsharing,2.0,Citiz (carsharing),Strasbourg,True,False,False,False,True,False,False,low,,,,,,,,,,
A1_carsharing,citiz_grand_est,1236,48.568068,7.755297,carsharing,2.0,Citiz (carsharing),Strasbourg,True,False,False,False,True,False,False,low,,,,,,,,,,
A3_freefloating,dott-paris,a0763917-2389-4266-9c5b-032fa6950dd8,48.82945758147896,2.34964212623752,free_floating,,Dott,Paris,False,False,True,False,False,False,True,low,,,,,,,,,,
ff_honest_capacity,pony_paris,paris_parking_SAXE_zid9H3N0M2H,48.85031,2.30709,free_floating,2.0,Pony,Paris,False,False,True,False,False,False,False,medium,,,,,,,,,,
A4_discordant_composite,auray-quiberon,cqocpipmrgc3lc0gde80,47.670789,-2.988584,docked_bike,10.0,AQTA,Auray,False,False,False,False,False,False,False,high,,,,,,,,,,
clean_docked,levelo_inurba_marseille,chh1huq6cuj3fo74tm60,43.297807,5.393533,docked_bike,20.0,levélo - Marseille,Marseille,False,False,False,False,False,False,False,high,,,,,,,,,,
ff_honest_capacity,pony_paris,paris_parking_DAUMESNIL_zidQYYS3JQX,48.84308,2.38417,free_floating,1.0,Pony,Paris,False,False,True,False,False,False,False,medium,,,,,,,,,,
A2_placeholder,velozef,st_d52j72nqvltc7388p6mg,48.39214,-4.48761,docked_bike,10.0,VéloZef,Brest,False,True,False,False,False,False,False,low,,,,,,,,,,
A4_agree_flag,dijon,31,47.305,5.015,docked_bike,18.0,Velodi,Dijon,False,False,False,False,False,False,False,high,,,,,,,,,,
A4_discordant_composite,knot_strasbourg,47,48.579825,7.736471,free_floating,4.0,Knot Strasbourg,Strasbourg,False,False,True,False,False,False,False,medium,,,,,,,,,,
clean_docked,velocite,stn_SqbJXYUjdFKnibD7kA6WCQ,49.54873,3.629486,docked_bike,10.0,Vélo'Cité,Laon,False,False,False,False,False,False,False,high,,,,,,,,,,
A2_placeholder,velozef,cirqc0cg3q5td18hquug,48.3604,-4.57034,docked_bike,10.0,VéloZef,Brest,False,True,False,False,False,False,False,low,,,,,,,,,,
clean_docked,le_velo_star,5506,48.117596,-1.677849,docked_bike,26.0,LE vélo STAR,Rennes,False,False,False,False,False,False,False,high,,,,,,,,,,
clean_docked,nantes,9,47.215815,-1.559017,docked_bike,14.0,Naolib,Nantes,False,False,False,False,False,False,False,high,,,,,,,,,,
A2_placeholder,velozef,st_d52j5hso7dgs73ca64tg,48.39057,-4.50917,docked_bike,10.0,VéloZef,Brest,False,True,False,False,False,False,False,low,,,,,,,,,,
clean_docked,twisto_velolib_caen,ctbhn781snvdkble5rdg,49.27615,-0.25819,docked_bike,10.0,Twisto Vélolib,Caen,False,False,False,False,False,False,False,high,,,,,,,,,,
A4_discordant_composite,bird-vichy,eea6d6f8-ee9f-4dbf-a3e5-3873abd92bc1,46.13673435030236,3.422618293559973,free_floating,,Bird,Vichy,False,False,True,False,False,False,True,low,,,,,,,,,,
A3_freefloating,dott-bordeaux,41201018-2907-474b-b00e-0bc640571c1c,44.836511,-0.600797,free_floating,,Dott,Bordeaux,False,False,True,False,False,False,True,low,,,,,,,,,,
A4_agree_flag,Paris,653194214,48.878194,2.181724,docked_bike,20.0,Vélib' Métropole,Paris,False,False,False,False,False,False,False,high,,,,,,,,,,
A1_carsharing,aupa,1675,43.54279,-1.46063,carsharing,1.0,Citiz (carsharing),Bayonne,True,False,False,True,False,False,False,low,,,,,,,,,,
ff_honest_capacity,pony_paris,paris_parking_LETORT_zidLW2F2GOP,48.89498,2.34329,free_floating,1.0,Pony,Paris,False,False,True,False,False,False,False,medium,,,,,,,,,,
A5_out_of_perimeter,citiz_grand_est,249,48.5678939819336,7.768152236938477,carsharing,3.0,Citiz (carsharing),Strasbourg,True,False,False,False,True,False,False,low,,,,,,,,,,
A3_freefloating,pony_paris,paris_parking_ESTREES_zidRUFJ0OSE,48.8513,2.30877,free_floating,2.0,Pony,Paris,False,False,True,False,False,False,False,medium,,,,,,,,,,
clean_docked,cyclam,stn_J3ph8f8hgUnpWvbJXj993c,49.775025,4.719151,docked_bike,12.0,Cycl'AM,Ardenne Métropole,False,False,False,False,False,False,False,high,,,,,,,,,,
A5_out_of_perimeter,citiz_grand_est,1765,48.591087,7.768482,carsharing,1.0,Citiz (carsharing),Strasbourg,True,False,False,False,True,False,False,low,,,,,,,,,,
A3_freefloating,dott-paris,54d50a65-510c-4629-9add-30c5e1a6561c,48.879542319704974,2.350627566731238,free_floating,,Dott,Paris,False,False,True,False,False,False,True,low,,,,,,,,,,
A2_placeholder,velozef,cirqc34g3q5td18hr1tg,48.39739,-4.3853,docked_bike,10.0,VéloZef,Brest,False,True,False,False,False,False,False,low,,,,,,,,,,
clean_docked,v_lille,242,50.716907,3.167436,docked_bike,18.0,V'lille,Lille,False,False,False,False,False,False,False,high,,,,,,,,,,
ff_honest_capacity,pony_paris,paris_parking_SAINT_CHARLES_zidBMF760QO,48.84197,2.28141,free_floating,2.0,Pony,Paris,False,False,True,False,False,False,False,medium,,,,,,,,,,
clean_docked,donkey_brest,20729,48.3918634,-4.487158,docked_bike,5.0,Donkey Republic Brest,Brest,False,False,False,False,False,False,False,high,,,,,,,,,,
A2_placeholder,velozef,st_d52j6o2ebjgc73d7avv0,48.41882,-4.44434,docked_bike,10.0,VéloZef,Brest,False,True,False,False,False,False,False,low,,,,,,,,,,
A4_agree_flag,mvelo_plus_grenoble,71,45.43391,6.00782,free_floating,,Mvélo+,Grenoble,False,False,True,False,False,False,True,low,,,,,,,,,,
clean_docked,nantes,35,47.212369,-1.564973,docked_bike,15.0,Naolib,Nantes,False,False,False,False,False,False,False,high,,,,,,,,,,
A5_out_of_perimeter,citiz_grand_est,75,48.260353088378906,7.443867206573486,carsharing,3.0,Citiz (carsharing),Strasbourg,True,False,False,False,True,False,False,low,,,,,,,,,,
A4_discordant_legacy,dott-paris,7de942d4-df4c-4c9c-a0b0-9b706cd7c31c,48.83294143793204,2.404483002874488,free_floating,,Dott,Paris,False,False,True,False,False,False,True,low,,,,,,,,,,
clean_docked,calais,stn_8WQURqherzFNRsNbRKGR5c,50.93609,1.80001,docked_bike,20.0,Velect'in,Calais,False,False,False,False,False,False,False,high,,,,,,,,,,
A3_freefloating,bird-bordeaux,e3fd8948-feef-4e22-aa41-44479187f5de,44.85890310000001,-0.5628846000000002,free_floating,,Bird,Bordeaux,False,False,True,False,False,False,True,low,,,,,,,,,,
A2_placeholder,velozef,cirqbksg3q5td18hqlf0,48.39703,-4.48726,docked_bike,10.0,VéloZef,Brest,False,True,False,False,False,False,False,low,,,,,,,,,,
clean_docked,velo-tbm-bordeaux,118,44.86694,-0.57608,docked_bike,20.0,Le Vélo TBM,Bordeaux,False,False,False,False,False,False,False,high,,,,,,,,,,
ff_honest_capacity,pony_paris,paris_parking_DIDEROT_zidLZC1YZWP,48.84797,2.39264,free_floating,2.0,Pony,Paris,False,False,True,False,False,False,False,medium,,,,,,,,,,
A4_discordant_legacy,dott-paris,2a5d6cd3-1d96-4d8b-8b6b-9bcd9efafcb4,48.83257646198903,2.404270650376366,free_floating,,Dott,Paris,False,False,True,False,False,False,True,low,,,,,,,,,,
A3_freefloating,bird-bordeaux,eeffe503-7683-4deb-8d89-4e68ef9a997d,44.8604456,-0.5525488000000001,free_floating,,Bird,Bordeaux,False,False,True,False,False,False,True,low,,,,,,,,,,
clean_docked,libelo,52,44.924672,4.8888,docked_bike,8.0,Libélo,Valence,False,False,False,False,False,False,False,high,,,,,,,,,,
A2_placeholder,velozef,cirqbo4g3q5td18hqo20,48.40333,-4.48904,docked_bike,10.0,VéloZef,Brest,False,True,False,False,False,False,False,low,,,,,,,,,,
A4_discordant_composite,bird-gap,1db7d493-e34f-4419-954f-87b0f447051d,44.540337932575554,6.05182430276763,free_floating,,Bird,Gap,False,False,True,False,False,False,True,low,,,,,,,,,,
clean_docked,calivelo,stn_KTXq2tQ6iQ97n5z4WJkne3,45.036716,-0.131649,docked_bike,14.0,CaliVélo,Libourne,False,False,False,False,False,False,False,high,,,,,,,,,,
clean_docked,Paris,19697937136,48.885368380902,2.2595618686871,docked_bike,18.0,Vélib' Métropole,Paris,False,False,False,False,False,False,False,high,,,,,,,,,,
A1_carsharing,citiz_nantes,591,47.206485748291016,-1.5566539764404297,carsharing,1.0,Citiz (carsharing),Nantes,True,False,False,False,False,False,False,low,,,,,,,,,,
A5_out_of_perimeter,lyon,7009,45.737503,4.837484,docked_bike,16.0,Vélo'V,Lyon,False,False,False,False,True,False,False,low,,,,,,,,,,
ff_honest_capacity,pony_paris,paris_parking_ADOLPHE_YVON_zid7GHJRBMI,48.86447,2.27006,free_floating,2.0,Pony,Paris,False,False,True,False,False,False,False,medium,,,,,,,,,,
clean_docked,Paris,235241110,48.8436279,2.4630465,docked_bike,61.0,Vélib' Métropole,Paris,False,False,False,False,False,False,False,high,,,,,,,,,,
A1_carsharing,citiz_gironde,691,44.863868713378906,-0.6196799874305725,carsharing,2.0,Citiz (carsharing),Bordeaux,True,False,False,False,False,False,False,low,,,,,,,,,,
A7_null_capacity,Optymo_Belfort_ALS,cb0456fc-a9a2-4291-a2a3-61b64001344c,47.638169,6.876583,carsharing,,Optymo Belfort Auto libre-service,Belfort,True,False,False,False,False,False,True,low,,,,,,,,,,
ff_honest_capacity,pony_paris,paris_parking_TAILLANDIERS_zidXSQUICXX,48.854,2.37542,free_floating,1.0,Pony,Paris,False,False,True,False,False,False,False,medium,,,,,,,,,,
ff_honest_capacity,pony_paris,paris_parking_FOLIE_REGNAULT_zidU0UNQMZY,48.86029,2.38637,free_floating,2.0,Pony,Paris,False,False,True,False,False,False,False,medium,,,,,,,,,,
A3_freefloating,dott-paris,06230e9d-4023-4332-833b-c7a7bed1fdbc,48.8223078997768,2.3492261698190373,free_floating,,Dott,Paris,False,False,True,False,False,False,True,low,,,,,,,,,,
A1_carsharing,citiz_grand_est,197,49.10567855834961,6.181794166564941,carsharing,2.0,Citiz (carsharing),Strasbourg,True,False,False,False,True,False,False,low,,,,,,,,,,
A4_discordant_legacy,pony_paris,paris_parking_PETIT_zidKFW5BQWN,48.88468,2.38009,free_floating,2.0,Pony,Paris,False,False,True,False,False,False,False,medium,,,,,,,,,,
A2_placeholder,velozef,cirqbhsg3q5td18hqi80,48.39009,-4.48533,docked_bike,10.0,VéloZef,Brest,False,True,False,False,False,False,False,low,,,,,,,,,,
A1_carsharing,citiz_rennes_metropole,1683,48.093845,-1.69075,carsharing,2.0,Citiz (carsharing),Rennes,True,False,False,False,False,False,False,low,,,,,,,,,,
A2_placeholder,velozef,cirqbjsg3q5td18hqkt0,48.39527,-4.47989,docked_bike,10.0,VéloZef,Brest,False,True,False,False,False,False,False,low,,,,,,,,,,
A4_discordant_legacy,voi_Marseille,3e277dfe-548c-4db6-8aca-38536d500f64,43.256051,5.411881,free_floating,5.0,Voi,Marseille,False,False,True,False,False,False,False,medium,,,,,,,,,,
A4_discordant_composite,beb,stn_4dax8kj2eMnmVJyoZW2aCo,46.208034,5.232121,docked_bike,5.0,Rubis'Velo,Bourg-en-Bresse,False,False,False,False,False,False,False,high,,,,,,,,,,
A3_freefloating,dott-paris,b08a2374-19ab-4a4c-b3f1-3d6ce713b12c,48.87236713740512,2.348628449709101,free_floating,,Dott,Paris,False,False,True,False,False,False,True,low,,,,,,,,,,
A3_freefloating,bird-bordeaux,3cf0dec5-f15c-4573-b115-2b4dcb83d4af,44.85190631302226,-0.5786249378840412,free_floating,,Bird,Bordeaux,False,False,True,False,False,False,True,low,,,,,,,,,,
A3_freefloating,bird-bordeaux,b0292343-68c5-4037-9286-59e6bfe0f147,44.85195865040651,-0.5947185284552844,free_floating,,Bird,Bordeaux,False,False,True,False,False,False,True,low,,,,,,,,,,
A5_out_of_perimeter,lyon,10037,45.776088,4.892275,docked_bike,15.0,Vélo'V,Lyon,False,False,False,False,True,False,False,low,,,,,,,,,,
A1_carsharing,citiz_rennes_metropole,1821,48.0936992,-1.672566,carsharing,1.0,Citiz (carsharing),Rennes,True,False,False,False,False,False,False,low,,,,,,,,,,
A4_discordant_legacy,dott-paris,575f1bf7-a393-4792-893c-3211c63a3dcc,48.84353551323255,2.2749449229349423,free_floating,,Dott,Paris,False,False,True,False,False,False,True,low,,,,,,,,,,
clean_docked,Paris,77773,48.84267354116789,2.397294379770756,docked_bike,28.0,Vélib' Métropole,Paris,False,False,False,False,False,False,False,high,,,,,,,,,,
A5_out_of_perimeter,citiz_grand_est,79,48.58327865600586,7.746674060821533,carsharing,3.0,Citiz (carsharing),Strasbourg,True,False,False,False,True,False,False,low,,,,,,,,,,
A1_carsharing,citiz_alpes_loire,735,45.1717414855957,5.732699871063232,carsharing,4.0,Citiz (carsharing),Grenoble,True,False,False,False,False,False,False,low,,,,,,,,,,
A1_carsharing,citiz_alpes_loire,775,45.15681838989258,5.72735595703125,carsharing,2.0,Citiz (carsharing),Grenoble,True,False,False,False,False,False,False,low,,,,,,,,,,
A3_freefloating,dott-paris,472514ca-762e-466f-9809-5e3ccfdb6210,48.85249758913333,2.3316091404045656,free_floating,,Dott,Paris,False,False,True,False,False,False,True,low,,,,,,,,,,
A4_discordant_composite,velo-tbm-bordeaux,175,44.826054,-0.531631,docked_bike,20.0,Le Vélo TBM,Bordeaux,False,False,False,False,False,False,False,high,,,,,,,,,,
A5_out_of_perimeter,lyon,2018,45.757571,4.837183,docked_bike,50.0,Vélo'V,Lyon,False,False,False,False,True,False,False,low,,,,,,,,,,
A2_placeholder,velozef,cirqc2cg3q5td18hr120,48.39731,-4.42296,docked_bike,10.0,VéloZef,Brest,False,True,False,False,False,False,False,low,,,,,,,,,,
ff_honest_capacity,pony_paris,paris_parking_GRANDE_ARMEE_zidO0ZSXDOW,48.87517,2.29013,free_floating,1.0,Pony,Paris,False,False,True,False,False,False,False,medium,,,,,,,,,,
ff_honest_capacity,pony_paris,paris_parking_FONTAINE_AU_ROI_zidFGKOBV3S,48.86895,2.37673,free_floating,2.0,Pony,Paris,False,False,True,False,False,False,False,medium,,,,,,,,,,
A7_null_capacity,Optymo_Belfort_ALS,c2430a85-0f13-43e5-a584-27954115c7a3,47.633895,6.860573,carsharing,,Optymo Belfort Auto libre-service,Belfort,True,False,False,False,False,False,True,low,,,,,,,,,,
A1_carsharing,citiz_metropole_lyon,1183,45.7399864196777,4.85940170288086,carsharing,3.0,Citiz (carsharing),Lyon,True,False,False,False,False,False,False,low,,,,,,,,,,
ff_honest_capacity,pony_paris,paris_parking_EL_SALVADOR_zidHNW38FA2,48.85052,2.31236,free_floating,2.0,Pony,Paris,False,False,True,False,False,False,False,medium,,,,,,,,,,
A1_carsharing,citiz_gironde,665,44.57976531982422,-0.0328480005264282,carsharing,2.0,Citiz (carsharing),Bordeaux,True,False,False,True,False,False,False,low,,,,,,,,,,
A3_freefloating,dott-bordeaux,6747800d-a48f-443d-9ad5-951e7037a5ac,44.8587968,-0.5661606,free_floating,,Dott,Bordeaux,False,False,True,False,False,False,True,low,,,,,,,,,,
A4_discordant_composite,knot_strasbourg,51,48.575477,7.749952,free_floating,4.0,Knot Strasbourg,Strasbourg,False,False,True,False,False,False,False,medium,,,,,,,,,,
A3_freefloating,pony_Angers,angers_parking_2_zid6DRL9N5Z,47.479398,-0.527618,free_floating,,Pony,Angers,False,False,True,False,False,False,True,low,,,,,,,,,,
A4_discordant_legacy,bird-bordeaux,4b18043d-27a7-4221-b8c5-dbf17c76ac46,44.9613768870102,-0.6266395874932895,free_floating,,Bird,Bordeaux,False,False,True,False,False,False,True,low,,,,,,,,,,
ff_honest_capacity,pony_paris,paris_parking_MOSELLE_zidZ185SQLQ,48.88514,2.37623,free_floating,1.0,Pony,Paris,False,False,True,False,False,False,False,medium,,,,,,,,,,
ff_honest_capacity,pony_paris,paris_parking_JEAN_JAURES_zid2RONFMXF,48.88837,2.39172,free_floating,1.0,Pony,Paris,False,False,True,False,False,False,False,medium,,,,,,,,,,
A1_carsharing,Optymo_Belfort_ALS,e204330b-088e-4e06-8652-ccc03363dc0b,47.657258,6.842852,carsharing,,Optymo Belfort Auto libre-service,Belfort,True,False,False,False,False,False,True,low,,,,,,,,,,
A1_carsharing,citiz_alpes_loire,1699,45.5896,5.92344,carsharing,1.0,Citiz (carsharing),Grenoble,True,False,False,False,False,False,False,low,,,,,,,,,,
A2_placeholder,velozef,cirqblkg3q5td18hqm7g,48.38409,-4.49962,docked_bike,10.0,VéloZef,Brest,False,True,False,False,False,False,False,low,,,,,,,,,,
A4_agree_flag,amiens,102,49.874947,2.264305,docked_bike,20.0,Velam,Amiens,False,False,False,False,False,False,False,high,,,,,,,,,,
ff_honest_capacity,pony_paris,paris_parking_BOSQUET_zidYILUC381,48.85485,2.3056,free_floating,3.0,Pony,Paris,False,False,True,False,False,False,False,medium,,,,,,,,,,
A5_out_of_perimeter,citiz_grand_est,226,49.253966,4.037178,carsharing,1.0,Citiz (carsharing),Strasbourg,True,False,False,False,True,False,False,low,,,,,,,,,,
A3_freefloating,dott-paris,48571500-207b-45cd-9ccb-b7afd17ecb44,48.89216532405134,2.3431120116896684,free_floating,,Dott,Paris,False,False,True,False,False,False,True,low,,,,,,,,,,
A7_null_capacity,Optymo_Belfort_ALS,24ee71ce-d7d6-4df6-bb1f-5f952569f824,47.652756,6.8287,carsharing,,Optymo Belfort Auto libre-service,Belfort,True,False,False,True,False,False,True,low,,,,,,,,,,
ff_honest_capacity,pony_paris,paris_parking_LOUIS_VICAT_zidB8POHT7V,48.82687,2.29363,free_floating,2.0,Pony,Paris,False,False,True,False,False,False,False,medium,,,,,,,,,,
A4_discordant_composite,choletbus,stn_UgaZ6yq45KD7JEZigpGcrr,47.062041,-0.895704,docked_bike,16.0,Choletbus 2 Roues,Cholet,False,False,False,False,False,False,False,high,,,,,,,,,,
A5_out_of_perimeter,citiz_grand_est,534,48.5640754699707,7.755199909210205,carsharing,2.0,Citiz (carsharing),Strasbourg,True,False,False,False,True,False,False,low,,,,,,,,,,
A3_freefloating,dott-lyon,3bd34c11-0e30-4b81-9942-70e1ab19620c,45.7306646,4.830067569,free_floating,,Dott,Lyon,False,False,True,False,False,False,True,low,,,,,,,,,,
A4_discordant_legacy,dott-paris,d4985d53-c209-434f-82a7-3923b2449a78,48.829687121604834,2.2967014548549862,free_floating,,Dott,Paris,False,False,True,False,False,False,True,low,,,,,,,,,,
A4_discordant_composite,auxrmlevelo,ch8cirdlc8te4d3h86j0,47.72884,3.47068,docked_bike,15.0,AuxR_M le vélo,Auxerre,False,False,False,False,False,False,False,high,,,,,,,,,,
A4_discordant_composite,levelo_inurba_marseille,ce4bhp92rcd13ifvqhag,43.310785,5.424305,docked_bike,10.0,levélo - Marseille,Marseille,False,False,False,False,False,False,False,high,,,,,,,,,,
A5_out_of_perimeter,lyon,5044,45.760056,4.798366,docked_bike,15.0,Vélo'V,Lyon,False,False,False,False,True,False,False,low,,,,,,,,,,
A3_freefloating,bird-bordeaux,1d048033-765a-4447-99c4-5e9fc947fbbd,44.85121399999999,-0.5955468999999998,free_floating,,Bird,Bordeaux,False,False,True,False,False,False,True,low,,,,,,,,,,
A5_out_of_perimeter,lyon,7056,45.755783,4.840745,docked_bike,22.0,Vélo'V,Lyon,False,False,False,False,True,False,False,low,,,,,,,,,,
A4_discordant_composite,auxrmlevelo,ch8ciptlc8te4d3h85fg,47.86509,3.6809,docked_bike,10.0,AuxR_M le vélo,Auxerre,False,False,False,False,False,False,False,high,,,,,,,,,,
A3_freefloating,bird-bordeaux,08f0c574-dc5c-45e8-88ce-535b41ec8d40,44.85890100000002,-0.5768153,free_floating,,Bird,Bordeaux,False,False,True,False,False,False,True,low,,,,,,,,,,
A3_freefloating,dott-paris,431471f6-2d24-46f2-945b-5beb6d3b0300,48.8722595335188,2.345929479028269,free_floating,,Dott,Paris,False,False,True,False,False,False,True,low,,,,,,,,,,
A4_discordant_legacy,pony_Lorient,lorient_parking_4610591586_zidSB6UIC36,47.74184,-3.39464,free_floating,,Pony,Lorient,False,False,True,False,False,False,True,low,,,,,,,,,,
clean_docked,toulouse,212,43.6152,1.465444,docked_bike,17.0,VélÔToulouse,Toulouse,False,False,False,False,False,False,False,high,,,,,,,,,,
A1_carsharing,citiz_provence,1395,43.3041801452637,5.39749479293823,carsharing,2.0,Citiz (carsharing),Marseille,True,False,False,False,False,False,False,low,,,,,,,,,,
A3_freefloating,dott-paris,465b9e75-3810-425f-8140-6174944ac250,48.82588425135419,2.3423763040424013,free_floating,,Dott,Paris,False,False,True,False,False,False,True,low,,,,,,,,,,
A4_discordant_composite,nextbike_ae,245597085,48.574417,7.753833,docked_bike,20.0,Vélhop - Strasbourg,"Strasbourg, FR",False,False,False,False,False,False,False,high,,,,,,,,,,
clean_docked,Paris,12943772652,48.788093281931,2.2909234046643,docked_bike,31.0,Vélib' Métropole,Paris,False,False,False,False,False,False,False,high,,,,,,,,,,
ff_honest_capacity,pony_paris,paris_parking_CHATEAU_D_EAU_zid6W6CXT3D,48.86993,2.36054,free_floating,2.0,Pony,Paris,False,False,True,False,False,False,False,medium,,,,,,,,,,
A3_freefloating,dott-paris,54dadeb4-b90c-420c-ac38-681a1d90c228,48.844751179278745,2.302001727034435,free_floating,,Dott,Paris,False,False,True,False,False,False,True,low,,,,,,,,,,
A3_freefloating,bird-bordeaux,27c775ff-6768-4e00-9f8c-9878da2de10e,44.84316900000002,-0.57074,free_floating,,Bird,Bordeaux,False,False,True,False,False,False,True,low,,,,,,,,,,
A3_freefloating,dott-lyon,3eeb3172-a3f3-445f-8d50-cbca707df534,45.75471873,4.850488412,free_floating,,Dott,Lyon,False,False,True,False,False,False,True,low,,,,,,,,,,
A4_discordant_composite,bird-vichy,ecb4edf7-ce72-4cb7-8784-66525e0bda00,46.1204363,3.4288112,free_floating,,Bird,Vichy,False,False,True,False,False,False,True,low,,,,,,,,,,
A1_carsharing,citiz_metropole_lyon,404,45.7278480529785,4.83145523071289,carsharing,2.0,Citiz (carsharing),Lyon,True,False,False,False,False,False,False,low,,,,,,,,,,
A3_freefloating,pony_poitiers,poitiers_parking_DOZ___Place_Aristide_Briand_zidIVPR72N6,46.580941,0.336031,free_floating,,Pony,Poitiers,False,False,True,False,False,False,True,low,,,,,,,,,,
A4_discordant_composite,citiz_la_rochelle,1525,46.1534652709961,-1.15525197982788,carsharing,2.0,Citiz (carsharing),La Rochelle,True,False,False,False,False,False,False,low,,,,,,,,,,
clean_docked,inurba-rouen,3613,49.431298524948176,1.073307180063665,docked_bike,12.0,LOVELO Libre-service,Rouen,False,False,False,False,False,False,False,high,,,,,,,,,,
A4_agree_flag,beb,stn_QgVjDYKACbc4Y9VwPSDbqv,46.194838,5.272543,docked_bike,10.0,Rubis'Velo,Bourg-en-Bresse,False,False,False,True,False,False,False,low,,,,,,,,,,
A2_placeholder,velozef,st_d52j7e2ebjgc73d7b0ig,48.38291,-4.37837,docked_bike,10.0,VéloZef,Brest,False,True,False,False,False,False,False,low,,,,,,,,,,
A3_freefloating,dott-paris,2560c1d2-65b3-4013-a063-9e4cf6ea6f38,48.86746375451183,2.3728171204004047,free_floating,,Dott,Paris,False,False,True,False,False,False,True,low,,,,,,,,,,
A1_carsharing,citiz_metropole_lyon,389,45.7542894669573,4.84779357103675,carsharing,3.0,Citiz (carsharing),Lyon,True,False,False,False,False,False,False,low,,,,,,,,,,
A4_discordant_composite,besancon,16,47.244981,6.032556,docked_bike,11.0,VéloCité,Besançon,False,False,False,False,False,False,False,high,,,,,,,,,,
A1_carsharing,citiz_alpes_loire,984,45.04070281982422,5.048768997192383,carsharing,2.0,Citiz (carsharing),Grenoble,True,False,False,False,False,False,False,low,,,,,,,,,,
A5_out_of_perimeter,citiz_grand_est,125,48.62127685546875,7.755435943603516,carsharing,3.0,Citiz (carsharing),Strasbourg,True,False,False,False,True,False,False,low,,,,,,,,,,
A4_agree_flag,nancy,33,48.684954,6.154908,docked_bike,15.0,VéloStan,Nancy,False,False,False,False,False,False,False,high,,,,,,,,,,
ff_honest_capacity,pony_paris,paris_parking_SAINT_JACQUES_zid95Z86MIG,48.84349,2.34167,free_floating,3.0,Pony,Paris,False,False,True,False,False,False,False,medium,,,,,,,,,,
A4_discordant_legacy,dott-gpseo,696ce4b5-08ec-4355-b73e-084163c22f44,48.9980322,1.7191142,free_floating,,Dott,Grand Paris Seine et Oise,False,False,True,False,False,False,True,low,,,,,,,,,,
ff_honest_capacity,pony_paris,paris_parking_JEAN_JAURES_zidFI708QJS,48.889,2.39411,free_floating,2.0,Pony,Paris,False,False,True,False,False,False,False,medium,,,,,,,,,,
A1_carsharing,Optymo_Belfort_ALS,3348a72e-eba3-4627-a05b-a500b4547dfb,47.63595,6.857963,carsharing,,Optymo Belfort Auto libre-service,Belfort,True,False,False,False,False,False,True,low,,,,,,,,,,
A3_freefloating,dott-paris,78ce89e3-245d-48e5-b057-185d28d1138c,48.851446778127205,2.310146075970965,free_floating,,Dott,Paris,False,False,True,False,False,False,True,low,,,,,,,,,,
A3_freefloating,dott-paris,2fb53026-0380-498a-b535-bd35b71672bc,48.86069678271895,2.4100894705493072,free_floating,,Dott,Paris,False,False,True,False,False,False,True,low,,,,,,,,,,
ff_honest_capacity,pony_paris,paris_parking_NICOLAI_zidAMJV21HR,48.83536,2.39298,free_floating,1.0,Pony,Paris,False,False,True,False,False,False,False,medium,,,,,,,,,,
A4_discordant_composite,bird-vichy,03543ef4-d282-4d20-a0be-78d6e23f25d5,46.11849383596362,3.426327855545185,free_floating,,Bird,Vichy,False,False,True,False,False,False,True,low,,,,,,,,,,
A4_discordant_legacy,dott-lyon,37bce589-3af7-4e32-a782-b0cb9f2f5cac,45.71922,4.81841,free_floating,,Dott,Lyon,False,False,True,False,False,False,True,low,,,,,,,,,,
ff_honest_capacity,pony_paris,paris_parking_EDMOND_ROUSSE_zid3A9VTZO3,48.82306,2.32429,free_floating,1.0,Pony,Paris,False,False,True,False,False,False,False,medium,,,,,,,,,,
A1_carsharing,citiz_alpes_loire,887,45.17909622192383,5.723886013031006,carsharing,1.0,Citiz (carsharing),Grenoble,True,False,False,False,False,False,False,low,,,,,,,,,,
A2_placeholder,velozef,cirqbp4g3q5td18hqol0,48.40177,-4.46853,docked_bike,10.0,VéloZef,Brest,False,True,False,False,False,False,False,low,,,,,,,,,,
A3_freefloating,bird-bordeaux,aea0787b-cd67-405d-960b-79574dba81a3,44.87871500000001,-0.571057,free_floating,,Bird,Bordeaux,False,False,True,False,False,False,True,low,,,,,,,,,,
A4_discordant_legacy,dott-paris,609842e8-0b67-40c0-8bcb-c37075dcf620,48.84669467391002,2.2583831440442443,free_floating,,Dott,Paris,False,False,True,False,False,False,True,low,,,,,,,,,,
A4_agree_flag,calais,stn_AxsPJEA5S6naCgBYzdXQ8m,50.949146,1.956255,docked_bike,20.0,Velect'in,Calais,False,False,False,True,False,False,False,low,,,,,,,,,,
A4_discordant_legacy,dott-paris,a7a398b4-632c-4f50-8a9d-85d2a21ed3b8,48.87656770108672,2.2873362962043933,free_floating,,Dott,Paris,False,False,True,False,False,False,True,low,,,,,,,,,,
A4_agree_flag,Optymo_FR_Belfort,st_d18jddmrumbh8rh03ss0,47.66525,6.84141,docked_bike,10.0,Optymo Belfort,Belfort,False,False,False,False,False,False,False,high,,,,,,,,,,
A4_discordant_composite,amiens,131,49.895445,2.296298,docked_bike,20.0,Velam,Amiens,False,False,False,False,False,False,False,high,,,,,,,,,,
A4_agree_flag,Paris,1558958733,48.89790972494496,2.2383723043644914,docked_bike,28.0,Vélib' Métropole,Paris,False,False,False,False,False,False,False,high,,,,,,,,,,
ff_honest_capacity,pony_paris,paris_parking_MASPERO_zidB305UN8T,48.86004,2.27302,free_floating,1.0,Pony,Paris,False,False,True,False,False,False,False,medium,,,,,,,,,,
A4_agree_flag,nancy,9,48.699502,6.204736,docked_bike,17.0,VéloStan,Nancy,False,False,False,False,False,False,False,high,,,,,,,,,,
A2_placeholder,velozef,cirqbvsg3q5td18hqua0,48.3621,-4.55422,docked_bike,10.0,VéloZef,Brest,False,True,False,False,False,False,False,low,,,,,,,,,,
A4_discordant_composite,citiz_rennes_metropole,1587,48.1231304,-1.6601153,carsharing,2.0,Citiz (carsharing),Rennes,True,False,False,False,False,False,False,low,,,,,,,,,,
A2_placeholder,velozef,st_d52j6h4o7dgs73ca6680,48.40579,-4.49677,docked_bike,10.0,VéloZef,Brest,False,True,False,False,False,False,False,low,,,,,,,,,,
ff_honest_capacity,pony_paris,paris_parking_LE_MAROIS_zidT091ELCJ,48.83934,2.26241,free_floating,1.0,Pony,Paris,False,False,True,False,False,False,False,medium,,,,,,,,,,
A4_discordant_composite,tempovelo,stn_PA4jnhLKrZMNwATyNXrSgW,44.203569,0.611612,docked_bike,10.0,Tempovelo,Agen,False,False,False,False,False,False,False,high,,,,,,,,,,
A4_agree_flag,bird-montlucon,1aa89f9c-3b79-4928-9236-3a86c7d3d42d,46.365701,2.599703,free_floating,,Bird,Montluçon,False,False,True,False,False,False,True,low,,,,,,,,,,
A4_discordant_legacy,pony_paris,paris_parking_SPONTINI_zidJIHOPYKQ,48.87149,2.27925,free_floating,2.0,Pony,Paris,False,False,True,False,False,False,False,medium,,,,,,,,,,
A4_discordant_composite,bird-vichy,e05f57ba-3f5b-4700-9346-483aa98f4a21,46.128650726455234,3.435477753729142,free_floating,,Bird,Vichy,False,False,True,False,False,False,True,low,,,,,,,,,,
A5_out_of_perimeter,citiz_grand_est,248,48.59066390991211,7.749019145965576,carsharing,3.0,Citiz (carsharing),Strasbourg,True,False,False,False,True,False,False,low,,,,,,,,,,
A4_discordant_legacy,dott-paris,2d7ef099-a0a7-4e5a-8442-cb6ce28a8b34,48.855617307012885,2.409265108908044,free_floating,,Dott,Paris,False,False,True,False,False,False,True,low,,,,,,,,,,
A7_null_capacity,Optymo_Belfort_ALS,d28bca5c-9f12-48fc-9f82-66a7d9f3fb6c,47.631319,6.855195,carsharing,,Optymo Belfort Auto libre-service,Belfort,True,False,False,False,False,False,True,low,,,,,,,,,,
A3_freefloating,dott-bordeaux,69f24471-65a2-43e0-95ac-bc5c6fd0ac28,44.8378343,-0.594639,free_floating,,Dott,Bordeaux,False,False,True,False,False,False,True,low,,,,,,,,,,
A4_discordant_legacy,dott-paris,e2a8bdb4-25f7-4bd3-a03e-8e22a1deb7e4,48.820133,2.355474,free_floating,,Dott,Paris,False,False,True,False,False,False,True,low,,,,,,,,,,
A4_discordant_legacy,dott-paris,37de35bb-3769-4c7d-a597-2bf3dd3543ec,48.87436509654669,2.412117208446976,free_floating,,Dott,Paris,False,False,True,False,False,False,True,low,,,,,,,,,,
ff_honest_capacity,pony_paris,paris_parking_BERTIN_POIREE_zidLUDA5DG9,48.85844,2.3447,free_floating,3.0,Pony,Paris,False,False,True,False,False,False,False,medium,,,,,,,,,,
A1_carsharing,citiz_alpes_loire,1187,45.366952,5.592531,carsharing,2.0,Citiz (carsharing),Grenoble,True,False,False,False,False,False,False,low,,,,,,,,,,
A4_agree_flag,voi_Marseille,13eea6bc-7f3b-4609-ab3f-915a27b7a19b,43.231344,5.355203,free_floating,5.0,Voi,Marseille,False,False,True,False,False,False,False,medium,,,,,,,,,,
A5_out_of_perimeter,citiz_developpement,1640,49.20207,-0.332586,carsharing,2.0,Citiz (carsharing),France,True,False,False,True,True,False,False,low,,,,,,,,,,
A4_discordant_legacy,dott-paris,67ccd03d-3825-4682-b959-0099769a1b80,48.88751552526016,2.3923124458601106,free_floating,,Dott,Paris,False,False,True,False,False,False,True,low,,,,,,,,,,
A4_agree_flag,citiz_gironde,661,44.88449478149414,-0.6028950214385986,carsharing,3.0,Citiz (carsharing),Bordeaux,True,False,False,False,False,False,False,low,,,,,,,,,,
A1_carsharing,citiz_angers,286,47.46025085449219,-0.5381960272789001,carsharing,2.0,Citiz (carsharing),Angers,True,False,False,False,False,False,False,low,,,,,,,,,,
A4_discordant_legacy,voi_SQY,40a84e63-3cbf-480e-8b97-6047f74d1821,48.765668,1.909081,free_floating,8.0,Voi,Saint-Quentin-en-Yvelines,False,False,True,False,False,False,False,medium,,,,,,,,,,
A3_freefloating,dott-paris,0c132c0f-de9d-4d8b-96bc-3e6435e59170,48.85867813212422,2.410093409655478,free_floating,,Dott,Paris,False,False,True,False,False,False,True,low,,,,,,,,,,
A5_out_of_perimeter,citiz_grand_est,156,49.12053680419922,6.17729377746582,carsharing,3.0,Citiz (carsharing),Strasbourg,True,False,False,False,True,False,False,low,,,,,,,,,,
A4_agree_flag,voi_Marseille,5c7f688f-9ed9-4ec9-bee2-a861521ecb94,43.228007,5.351871,free_floating,5.0,Voi,Marseille,False,False,True,False,False,False,False,medium,,,,,,,,,,
A1_carsharing,citiz_occitanie,1335,43.6303634643555,1.44957900047302,carsharing,2.0,Citiz (carsharing),Toulouse,True,False,False,False,False,False,False,low,,,,,,,,,,
A4_agree_flag,montpellier,044,43.61467,3.832624,docked_bike,8.0,Vélomagg,Montpellier,False,False,False,False,False,False,False,high,,,,,,,,,,
A1_carsharing,citiz_provence,1427,43.2852973937988,5.39082193374634,carsharing,2.0,Citiz (carsharing),Marseille,True,False,False,False,False,False,False,low,,,,,,,,,,
A2_placeholder,velozef,cirqc2kg3q5td18hr1gg,48.40779,-4.39688,docked_bike,10.0,VéloZef,Brest,False,True,False,False,False,False,False,low,,,,,,,,,,
A3_freefloating,pony_Bourges,bourges_parking_Virtual_Fresnay_zidWNCZ741J,47.05615,2.41014,free_floating,,Pony,Bourges,False,False,True,False,False,False,True,low,,,,,,,,,,
A3_freefloating,pony_bordeaux,bordeaux_parking_Arceau_11060_zidX4YAFQ5G,44.82324,-0.56303,free_floating,,Pony,Bordeaux,False,False,True,False,False,False,True,low,,,,,,,,,,
ff_honest_capacity,pony_paris,paris_parking_CHARLES_DICKENS_zid5UEFMXUF,48.85696,2.28445,free_floating,1.0,Pony,Paris,False,False,True,False,False,False,False,medium,,,,,,,,,,
ff_honest_capacity,pony_paris,paris_parking_CHAMP_DE_MARS_zidYVNAGLOP,48.8564,2.30576,free_floating,1.0,Pony,Paris,False,False,True,False,False,False,False,medium,,,,,,,,,,
A4_discordant_legacy,dott-paris,4ebe2b59-c1e2-48d7-ba97-527598f960dc,48.844417,2.441172,free_floating,,Dott,Paris,False,False,True,False,False,False,True,low,,,,,,,,,,
A2_placeholder,velozef,cirqbrcg3q5td18hqq5g,48.38702,-4.52728,docked_bike,10.0,VéloZef,Brest,False,True,False,False,False,False,False,low,,,,,,,,,,
A4_discordant_composite,nextbike_ah,538507418,49.023025,2.110541,docked_bike,10.0,Vélo&Co,FR,False,False,False,False,False,False,False,high,,,,,,,,,,
A4_discordant_legacy,bird-bordeaux,a5bb217d-c877-41db-8ddc-073cd0f9710a,44.84495418624642,-0.6844372846227321,free_floating,,Bird,Bordeaux,False,False,True,False,False,False,True,low,,,,,,,,,,
ff_honest_capacity,pony_paris,paris_parking_DIEUDONNE_COSTES_zid19S3VIDV,48.82061,2.37008,free_floating,2.0,Pony,Paris,False,False,True,False,False,False,False,medium,,,,,,,,,,
A7_null_capacity,Optymo_Belfort_ALS,1311c18c-b9a2-4e42-b0b6-cfcd5de36065,47.633394,6.850273,carsharing,,Optymo Belfort Auto libre-service,Belfort,True,False,False,False,False,False,True,low,,,,,,,,,,
A3_freefloating,pony_Perpignan,perpignan_parking_NULL_zidCDHPEVRD,42.691689,2.912659,free_floating,,Pony,Perpignan,False,False,True,False,False,False,True,low,,,,,,,,,,
A5_out_of_perimeter,lyon,1016,45.765944,4.831089,docked_bike,17.0,Vélo'V,Lyon,False,False,False,False,True,False,False,low,,,,,,,,,,
A4_discordant_composite,amiens,111,49.887082,2.315379,docked_bike,15.0,Velam,Amiens,False,False,False,False,False,False,False,high,,,,,,,,,,
ff_honest_capacity,pony_paris,paris_parking_JEAN_NICOT_zidJYU4FXO3,48.8598,2.30773,free_floating,1.0,Pony,Paris,False,False,True,False,False,False,False,medium,,,,,,,,,,
A4_discordant_legacy,pony_paris,paris_parking_COLONEL_PIERRE_AVIA_zidQOLFBUGH,48.83177,2.27781,free_floating,2.0,Pony,Paris,False,False,True,False,False,False,False,medium,,,,,,,,,,
A4_discordant_legacy,twisto_velolib_caen,ctbhn6o1snvdkble5qrg,49.20412,-0.29701,docked_bike,10.0,Twisto Vélolib,Caen,False,False,False,True,False,False,False,low,,,,,,,,,,
A1_carsharing,citiz_alpes_loire,1050,45.55973052978516,5.903056144714356,carsharing,2.0,Citiz (carsharing),Grenoble,True,False,False,False,False,False,False,low,,,,,,,,,,
A4_discordant_legacy,v_lille,241,50.722343,3.170847,docked_bike,18.0,V'lille,Lille,False,False,False,False,False,False,False,high,,,,,,,,,,
clean_docked,ogalo,stn_NE99V5KhRkTNXJdnTHPUS8,47.24634,-0.077,docked_bike,12.0,Ogalo Cyclette,Saumur,False,False,False,False,False,False,False,high,,,,,,,,,,
A5_out_of_perimeter,citiz_developpement,1560,46.144546,-1.14126,carsharing,2.0,Citiz (carsharing),France,True,False,False,False,True,False,False,low,,,,,,,,,,
clean_docked,velo-tbm-bordeaux,177,44.813274,-0.55517,docked_bike,24.0,Le Vélo TBM,Bordeaux,False,False,False,False,False,False,False,high,,,,,,,,,,
A3_freefloating,dott-bordeaux,28d31ca6-4b50-4373-a8c1-7d7821e75600,44.8776069,-0.5337408,free_floating,,Dott,Bordeaux,False,False,True,False,False,False,True,low,,,,,,,,,,
ff_honest_capacity,pony_paris,paris_parking_PEREIRE_zid2JN65YJK,48.88771,2.30621,free_floating,1.0,Pony,Paris,False,False,True,False,False,False,False,medium,,,,,,,,,,
A3_freefloating,pony_paris,paris_parking_FEYDEAU_zidG9IZI8A7,48.87,2.34097,free_floating,1.0,Pony,Paris,False,False,True,False,False,False,False,medium,,,,,,,,,,
A1_carsharing,citiz_grand_est,1757,48.588441,7.743637,carsharing,1.0,Citiz (carsharing),Strasbourg,True,False,False,False,True,False,False,low,,,,,,,,,,
A4_discordant_composite,le_velo_star,5527,48.111545,-1.689758,docked_bike,24.0,LE vélo STAR,Rennes,False,False,False,False,False,False,False,high,,,,,,,,,,
A1_carsharing,citiz_alpes_loire,780,45.41761779785156,4.671284198760986,carsharing,2.0,Citiz (carsharing),Grenoble,True,False,False,False,False,False,False,low,,,,,,,,,,
clean_docked,levelo_inurba_marseille,ce4bhr92rcd13ifvqhsg,43.337166,5.39184,docked_bike,20.0,levélo - Marseille,Marseille,False,False,False,False,False,False,False,high,,,,,,,,,,
clean_docked,labaule,stn_WEMpofPk3uNNrYCA2Uoagq,47.27166,-2.34485,docked_bike,16.0,La Baule,La Baule,False,False,False,False,False,False,False,high,,,,,,,,,,
clean_docked,tanlib,stn_SNZtYxcRJYnTAMaZ6zegBF,46.327992,-0.446941,docked_bike,14.0,Vélo Tanlib,Niort,False,False,False,False,False,False,False,high,,,,,,,,,,
A1_carsharing,citiz_angers,276,47.4701749,-0.5551388,carsharing,1.0,Citiz (carsharing),Angers,True,False,False,False,False,False,False,low,,,,,,,,,,
A1_carsharing,citiz_metropole_lyon,361,45.7462272644043,4.83664512634277,carsharing,2.0,Citiz (carsharing),Lyon,True,False,False,False,False,False,False,low,,,,,,,,,,
A4_discordant_composite,pony_Bourges,bourges_parking_Virtual_La_chapelle_zid2KACRTRI,47.07607,2.36739,free_floating,,Pony,Bourges,False,False,True,False,False,False,True,low,,,,,,,,,,
A4_discordant_composite,citiz_nantes,578,47.17744064331055,-1.5287890434265137,carsharing,1.0,Citiz (carsharing),Nantes,True,False,False,False,False,False,False,low,,,,,,,,,,
A2_placeholder,velozef,st_d52j5n63bdvs73crb6c0,48.4309,-4.46743,docked_bike,10.0,VéloZef,Brest,False,True,False,False,False,False,False,low,,,,,,,,,,
ff_honest_capacity,pony_paris,paris_parking_SAMBRE_ET_MEUSE_zidF6ZTYI4T,48.87465,2.37272,free_floating,1.0,Pony,Paris,False,False,True,False,False,False,False,medium,,,,,,,,,,
clean_docked,nextbike_ae,245599491,48.5995,7.766917,docked_bike,10.0,Vélhop - Strasbourg,"Strasbourg, FR",False,False,False,False,False,False,False,high,,,,,,,,,,
A3_freefloating,pony_paris,paris_parking_CLEMENT_MAROT_zidQA25Q9PI,48.86653,2.30497,free_floating,1.0,Pony,Paris,False,False,True,False,False,False,False,medium,,,,,,,,,,
A4_discordant_legacy,citiz_grand_est,600,49.10317993164063,6.161269187927246,carsharing,1.0,Citiz (carsharing),Strasbourg,True,False,False,False,True,False,False,low,,,,,,,,,,
A4_discordant_legacy,dott-paris,b673a863-5d77-4c27-a8b6-7ab8b934703c,48.82371195979421,2.3771480492641195,free_floating,,Dott,Paris,False,False,True,False,False,False,True,low,,,,,,,,,,
A4_discordant_composite,pony_Evry,evry_parking_Rue_des_Mazieres_zidE1CXWJS9,48.6277093503747,2.43274890037658,free_floating,,Pony,Evry,False,False,True,False,False,False,True,low,,,,,,,,,,
A1_carsharing,citiz_alpes_loire,993,45.20151138305664,5.705632209777832,carsharing,1.0,Citiz (carsharing),Grenoble,True,False,False,False,False,False,False,low,,,,,,,,,,
clean_docked,Paris,82562496,48.89392043619345,2.417981922626496,docked_bike,21.0,Vélib' Métropole,Paris,False,False,False,False,False,False,False,high,,,,,,,,,,
A5_out_of_perimeter,grand-est,st_d34n086mbtds73f5vcc0,48.03822,7.13453,docked_bike,5.0,Velo Fluo Grand-Est,Grand Est,False,False,False,False,True,False,False,low,,,,,,,,,,
A4_discordant_composite,amiens,139,49.9026,2.29511,docked_bike,12.0,Velam,Amiens,False,False,False,False,False,False,False,high,,,,,,,,,,
A2_placeholder,velozef,cirqbqsg3q5td18hqq00,48.39561,-4.43432,docked_bike,10.0,VéloZef,Brest,False,True,False,False,False,False,False,low,,,,,,,,,,
A3_freefloating,bird-draguignan,c1fc6471-17ca-40aa-9e93-c6cae52e8af1,43.5313178,6.4627044,free_floating,,Bird,Draguignan,False,False,True,False,False,False,True,low,,,,,,,,,,
A4_discordant_legacy,mp_ARBRESLE,727,45.816638,4.682263,docked_bike,5.0,PAYS DE L'ARBRESLE - VEL'PAR,Courzieu,False,False,False,False,False,False,False,high,,,,,,,,,,
A3_freefloating,bird-bordeaux,236ef2e8-8e53-4a2a-a8f6-76067cc11202,44.842389,-0.5856029000000001,free_floating,,Bird,Bordeaux,False,False,True,False,False,False,True,low,,,,,,,,,,
A4_discordant_composite,pony_Beauvais,beauvais_parking_Carrefour_Pieton_zid57TFAOSM,49.4419789,2.0937051,free_floating,,Pony,Beauvais,False,False,True,False,False,False,True,low,,,,,,,,,,
clean_docked,twisto_velolib_caen,ctbhn6o1snvdkble5qug,49.14877,-0.37487,docked_bike,10.0,Twisto Vélolib,Caen,False,False,False,False,False,False,False,high,,,,,,,,,,
A3_freefloating,pony_Limoges,limoges_parking_Hotel_be_guest_zidQAKRBK0W,45.81148,1.28205,free_floating,,Pony,Limoges,False,False,True,False,False,False,True,low,,,,,,,,,,
A5_out_of_perimeter,citiz_grand_est,80,48.5871467590332,7.736742973327637,carsharing,7.0,Citiz (carsharing),Strasbourg,True,False,False,False,True,False,False,low,,,,,,,,,,
ff_honest_capacity,pony_paris,paris_parking_AMELIE_zid518G0CBA,48.85849,2.30764,free_floating,1.0,Pony,Paris,False,False,True,False,False,False,False,medium,,,,,,,,,,
A2_placeholder,velozef,cirqbmcg3q5td18hqmt0,48.39013,-4.49878,docked_bike,10.0,VéloZef,Brest,False,True,False,False,False,False,False,low,,,,,,,,,,
A4_discordant_composite,velopop,cpbfgh4qessegmi81ci0,43.9509,4.79352,docked_bike,10.0,Vélopop,Avignon,False,False,False,False,False,False,False,high,,,,,,,,,,
A2_placeholder,velozef,st_d52j4s7qvltc7388p4jg,48.39842,-4.47424,docked_bike,10.0,VéloZef,Brest,False,True,False,False,False,False,False,low,,,,,,,,,,
A4_discordant_composite,cyclovis,stn_eLMGHviMf4JiaATztbszzc,49.381901,3.320717,docked_bike,4.0,Cyclovis,Soissons,False,False,False,False,False,False,False,high,,,,,,,,,,
A1_carsharing,citiz_metropole_lyon,1158,45.7529602050781,4.89495897293091,carsharing,3.0,Citiz (carsharing),Lyon,True,False,False,False,False,False,False,low,,,,,,,,,,
ff_honest_capacity,pony_paris,paris_parking_PRONY_zidT3K6UFS8,48.88182,2.30552,free_floating,2.0,Pony,Paris,False,False,True,False,False,False,False,medium,,,,,,,,,,
A3_freefloating,dott-paris,f7870b02-322e-40af-9a43-9728a7726178,48.82625547080859,2.306055802386434,free_floating,,Dott,Paris,False,False,True,False,False,False,True,low,,,,,,,,,,
A2_placeholder,velozef,cirqbisg3q5td18hqjj0,48.38613,-4.49311,docked_bike,10.0,VéloZef,Brest,False,True,False,False,False,False,False,low,,,,,,,,,,
clean_docked,v_lille,309,50.610949,2.983879,docked_bike,24.0,V'lille,Lille,False,False,False,False,False,False,False,high,,,,,,,,,,
clean_docked,libelo,68,44.9436893,4.8411426,docked_bike,8.0,Libélo,Valence,False,False,False,False,False,False,False,high,,,,,,,,,,
clean_docked,toulouse,278,43.614159,1.397008,docked_bike,18.0,VélÔToulouse,Toulouse,False,False,False,False,False,False,False,high,,,,,,,,,,
A3_freefloating,bird-bordeaux,2daffe99-3eec-4aec-95e5-c763aca02d8b,44.77664981298217,-0.5327764373503586,free_floating,,Bird,Bordeaux,False,False,True,False,False,False,True,low,,,,,,,,,,
A4_agree_flag,dott-siemu,a8cf75a8-e92c-403b-970b-b3ed19aa5454,48.843224,2.6672016,free_floating,,Dott,Marne-la-Vallée,False,False,True,False,False,False,True,low,,,,,,,,,,
A2_placeholder,velozef,cirqc1sg3q5td18hr090,48.3815,-4.62096,docked_bike,10.0,VéloZef,Brest,False,True,False,False,False,False,False,low,,,,,,,,,,
A5_out_of_perimeter,lyon,10071,45.761532,4.895763,docked_bike,15.0,Vélo'V,Lyon,False,False,False,False,True,False,False,low,,,,,,,,,,
clean_docked,toulouse,230,43.567307,1.467715,docked_bike,20.0,VélÔToulouse,Toulouse,False,False,False,False,False,False,False,high,,,,,,,,,,
A4_discordant_composite,velocite,stn_3kUZMHxF4oaWxjzoWCHwGi,49.549591,3.61703,docked_bike,8.0,Vélo'Cité,Laon,False,False,False,False,False,False,False,high,,,,,,,,,,
A3_freefloating,pony_bordeaux,bordeaux_parking_Marquage_954249_zid0E72D2J9,44.93104,-0.47879,free_floating,,Pony,Bordeaux,False,False,True,False,False,False,True,low,,,,,,,,,,
A3_freefloating,dott-paris,83538455-3b3d-47f5-8074-ed78da72c280,48.84516900859091,2.3987305049974768,free_floating,,Dott,Paris,False,False,True,False,False,False,True,low,,,,,,,,,,
A4_discordant_legacy,dott-bordeaux,0c529fbf-855b-416c-921f-566e2c327930,44.844873,-0.5091536,free_floating,,Dott,Bordeaux,False,False,True,False,False,False,True,low,,,,,,,,,,
A3_freefloating,dott-paris,0d8f3732-d272-4992-a9a7-2d86cbd55e44,48.82598574227806,2.3442363529710426,free_floating,,Dott,Paris,False,False,True,False,False,False,True,low,,,,,,,,,,
A1_carsharing,citiz_alpes_loire,1268,45.5761943,5.940615,carsharing,,Citiz (carsharing),Grenoble,True,False,False,False,False,False,False,low,,,,,,,,,,
A4_discordant_legacy,aupa,352,43.48252868652344,-1.5582480430603027,carsharing,2.0,Citiz (carsharing),Bayonne,True,False,False,False,False,False,False,low,,,,,,,,,,
A4_discordant_composite,dijon,22,47.324,5.048,docked_bike,25.0,Velodi,Dijon,False,False,False,False,False,False,False,high,,,,,,,,,,
A1_carsharing,citiz_lille_arras,316,50.64395904541016,3.074660062789917,carsharing,4.0,Citiz (carsharing),Lille,True,False,False,False,False,False,False,low,,,,,,,,,,
clean_docked,Paris,129042700,48.874794994841,2.366669436985,docked_bike,60.0,Vélib' Métropole,Paris,False,False,False,False,False,False,False,high,,,,,,,,,,
A1_carsharing,citiz_alpes_loire,1246,45.217636,5.808716,carsharing,3.0,Citiz (carsharing),Grenoble,True,False,False,False,False,False,False,low,,,,,,,,,,
ff_honest_capacity,pony_paris,paris_parking_LOWENDAL_zid8REEEYFS,48.84919,2.30373,free_floating,1.0,Pony,Paris,False,False,True,False,False,False,False,medium,,,,,,,,,,
A7_null_capacity,Optymo_Belfort_ALS,6c57304e-443b-4c99-8467-299c9b85cbb9,47.643442,6.857784,carsharing,,Optymo Belfort Auto libre-service,Belfort,True,False,False,False,False,False,True,low,,,,,,,,,,
clean_docked,Paris,124183944,48.84693552991762,2.377087622880936,docked_bike,54.0,Vélib' Métropole,Paris,False,False,False,False,False,False,False,high,,,,,,,,,,
A4_agree_flag,lyon,34001,45.876622,4.838578,docked_bike,20.0,Vélo'V,Lyon,False,False,False,False,True,False,False,low,,,,,,,,,,
A5_out_of_perimeter,grand-est,st_d34n05mmbtds73f5vb50,48.773,5.16686,docked_bike,,Velo Fluo Grand-Est,Grand Est,False,False,False,False,True,False,False,low,,,,,,,,,,
clean_docked,Paris,20431381973,48.932092978246,2.3982878482409,docked_bike,30.0,Vélib' Métropole,Paris,False,False,False,False,False,False,False,high,,,,,,,,,,
A4_agree_flag,velo-tbm-bordeaux,157,44.85682,-0.659829,docked_bike,20.0,Le Vélo TBM,Bordeaux,False,False,False,True,False,False,False,low,,,,,,,,,,
clean_docked,Paris,37848502,48.8176962416867,2.3076123744249344,docked_bike,25.0,Vélib' Métropole,Paris,False,False,False,False,False,False,False,high,,,,,,,,,,
A1_carsharing,citiz_angers,279,47.46294784545898,-0.5527330040931702,carsharing,6.0,Citiz (carsharing),Angers,True,False,False,False,False,False,False,low,,,,,,,,,,
clean_docked,Paris,15308712,48.854284379935,2.3847674578428,docked_bike,23.0,Vélib' Métropole,Paris,False,False,False,False,False,False,False,high,,,,,,,,,,
A4_discordant_legacy,voi_Le_Havre,27d63df1-6860-4567-85d5-f089468ce119,49.509381,0.158258,free_floating,7.0,Voi,Le Havre,False,False,True,False,False,False,False,medium,,,,,,,,,,
A5_out_of_perimeter,lyon,26001,45.791621,4.808426,docked_bike,17.0,Vélo'V,Lyon,False,False,False,False,True,False,False,low,,,,,,,,,,
A4_discordant_composite,citiz_angers,1545,47.454483,-0.527771,carsharing,2.0,Citiz (carsharing),Angers,True,False,False,False,False,False,False,low,,,,,,,,,,
A2_placeholder,velozef,st_d52j5dco7dgs73ca64r0,48.38287,-4.4919,docked_bike,10.0,VéloZef,Brest,False,True,False,False,False,False,False,low,,,,,,,,,,
A4_discordant_composite,vilvolt_epinal,ckmkj1k14g8bglco4fd0,48.11956,6.52849,docked_bike,,Vilvolt,Épinal,False,False,False,False,False,False,False,high,,,,,,,,,,
A3_freefloating,bird-bordeaux,3dc28332-d36b-4713-9404-13ae08ce55c6,44.820344000000006,-0.5718210000000001,free_floating,,Bird,Bordeaux,False,False,True,False,False,False,True,low,,,,,,,,,,
A5_out_of_perimeter,grand-est,st_d34n07umbtds73f5vc7g,48.40367,7.4569,docked_bike,,Velo Fluo Grand-Est,Grand Est,False,False,False,False,True,False,False,low,,,,,,,,,,
A5_out_of_perimeter,lyon,22001,45.749588,4.800967,docked_bike,15.0,Vélo'V,Lyon,False,False,False,False,True,False,False,low,,,,,,,,,,
A4_agree_flag,Paris,11851037297,48.821443218278,2.2150785306885,docked_bike,33.0,Vélib' Métropole,Paris,False,False,False,False,False,False,False,high,,,,,,,,,,
A3_freefloating,dott-paris,f5bb1fa1-ed98-4ec3-91c2-9572834438a8,48.84784933553494,2.365182014066707,free_floating,,Dott,Paris,False,False,True,False,False,False,True,low,,,,,,,,,,
A2_placeholder,velozef,cirqc14g3q5td18hqvj0,48.37986,-4.60064,docked_bike,10.0,VéloZef,Brest,False,True,False,False,False,False,False,low,,,,,,,,,,
A2_placeholder,velozef,cirqbicg3q5td18hqisg,48.38774,-4.48065,docked_bike,10.0,VéloZef,Brest,False,True,False,False,False,False,False,low,,,,,,,,,,
A3_freefloating,pony_paris,paris_parking_FOCH_zid14K9WJU7,48.87272,2.28014,free_floating,1.0,Pony,Paris,False,False,True,False,False,False,False,medium,,,,,,,,,,
A5_out_of_perimeter,grand-est,st_d34n08embtds73f5vct0,49.50458,4.36972,docked_bike,5.0,Velo Fluo Grand-Est,Grand Est,False,False,False,False,True,False,False,low,,,,,,,,,,
A3_freefloating,dott-paris,41d9ee79-a4c2-4cd0-b84e-8b988d8f1e24,48.86147249360195,2.374721311386756,free_floating,,Dott,Paris,False,False,True,False,False,False,True,low,,,,,,,,,,
A7_null_capacity,Optymo_Belfort_ALS,deea3858-d8c3-4cc7-9ca6-237f455d9076,47.648231,6.853688,carsharing,,Optymo Belfort Auto libre-service,Belfort,True,False,False,False,False,False,True,low,,,,,,,,,,
A7_null_capacity,Optymo_Belfort_ALS,0902aceb-b207-4823-a3b3-ea832848dae8,47.626563,6.853768,carsharing,,Optymo Belfort Auto libre-service,Belfort,True,False,False,False,False,False,True,low,,,,,,,,,,
A4_agree_flag,velivert_saint_etienne,chf7r3c3casf4nvmd4ig,45.54227,4.2668,docked_bike,10.0,Vélivert,Saint-Étienne,False,False,False,True,False,False,False,low,,,,,,,,,,
A4_discordant_legacy,dott-paris,44d79057-012b-4ada-b7cb-cbdaa95a8dd8,48.82333558570803,2.3741843082737684,free_floating,,Dott,Paris,False,False,True,False,False,False,True,low,,,,,,,,,,
A3_freefloating,dott-paris,36a4e6d6-26ef-41c4-b040-48152bddd98c,48.880367380418114,2.3406148442784995,free_floating,,Dott,Paris,False,False,True,False,False,False,True,low,,,,,,,,,,
A2_placeholder,velozef,cirqbn4g3q5td18hqnfg,48.40056,-4.49866,docked_bike,10.0,VéloZef,Brest,False,True,False,False,False,False,False,low,,,,,,,,,,
A1_carsharing,citiz_grand_est,513,48.65193939208984,7.754096984863281,carsharing,1.0,Citiz (carsharing),Strasbourg,True,False,False,True,True,False,False,low,,,,,,,,,,
clean_docked,Paris,42566291,48.873722412917,2.3158480972052,docked_bike,35.0,Vélib' Métropole,Paris,False,False,False,False,False,False,False,high,,,,,,,,,,
A2_placeholder,velozef,st_d52j6kl4faec738fgu8g,48.38141,-4.50938,docked_bike,10.0,VéloZef,Brest,False,True,False,False,False,False,False,low,,,,,,,,,,
A4_discordant_composite,velibeo,stn_SAhCdXLpiL7ndSMULCkn5H,45.159861,1.52134,docked_bike,14.0,Vélib' Métropole,Brive-la-Gaillarde,False,False,False,False,False,False,False,high,,,,,,,,,,
A2_placeholder,velozef,cirqbskg3q5td18hqqmg,48.3797,-4.53644,docked_bike,10.0,VéloZef,Brest,False,True,False,False,False,False,False,low,,,,,,,,,,
A4_agree_flag,bird-sarreguemines,18482746-dae1-46e7-ac43-87f813cfd983,49.1085513,7.1036008,free_floating,,Bird,Sarreguemines,False,False,True,False,False,False,True,low,,,,,,,,,,
A3_freefloating,dott-paris,79493373-9742-499d-a7c4-964c30d7cac0,48.85298370043044,2.388553475440125,free_floating,,Dott,Paris,False,False,True,False,False,False,True,low,,,,,,,,,,
ff_honest_capacity,pony_paris,paris_parking_DEMARQUAY_zidJQ5IB453,48.88115,2.35867,free_floating,2.0,Pony,Paris,False,False,True,False,False,False,False,medium,,,,,,,,,,
clean_docked,Paris,102749572,48.847563015126106,2.433383166790009,docked_bike,51.0,Vélib' Métropole,Paris,False,False,False,False,False,False,False,high,,,,,,,,,,
A4_discordant_legacy,pony_paris,paris_parking_PAJOL_zidMSOJQZES,48.89183,2.36338,free_floating,2.0,Pony,Paris,False,False,True,False,False,False,False,medium,,,,,,,,,,
clean_docked,cergy,56105,49.03223,2.101656,docked_bike,18.0,Vélo&Co,Cergy-Pontoise,False,False,False,False,False,False,False,high,,,,,,,,,,
A5_out_of_perimeter,lyon,11003,45.791748,4.823595,docked_bike,20.0,Vélo'V,Lyon,False,False,False,False,True,False,False,low,,,,,,,,,,
A4_discordant_legacy,pony_bordeaux,bordeaux_parking_Marquage_Naudet_zidF9RQ57MT,44.79035,-0.61254,free_floating,,Pony,Bordeaux,False,False,True,False,False,False,True,low,,,,,,,,,,
clean_docked,Paris,210746090,48.864660627935,2.3692265531829,docked_bike,49.0,Vélib' Métropole,Paris,False,False,False,False,False,False,False,high,,,,,,,,,,
A4_discordant_composite,pony_Lorient,lorient_parking_Arceau_Metropole_Lorient_zidERMDY1IL,47.74405,-3.35196,free_floating,,Pony,Lorient,False,False,True,False,False,False,True,low,,,,,,,,,,
ff_honest_capacity,pony_paris,paris_parking_MATHURIN_MOREAU_zidZQSFN384,48.87847,2.37511,free_floating,1.0,Pony,Paris,False,False,True,False,False,False,False,medium,,,,,,,,,,
A2_placeholder,velozef,cirqbmkg3q5td18hqn8g,48.38296,-4.51715,docked_bike,10.0,VéloZef,Brest,False,True,False,False,False,False,False,low,,,,,,,,,,
clean_docked,Optymo_FR_Belfort,st_d18jddmrumbh8rh03sfg,47.63988,6.86089,docked_bike,20.0,Optymo Belfort,Belfort,False,False,False,False,False,False,False,high,,,,,,,,,,
A4_discordant_composite,labaule,stn_P2iaZbKLL8mu35Murn7Psa,47.280603,-2.40592,docked_bike,20.0,La Baule,La Baule,False,False,False,False,False,False,False,high,,,,,,,,,,
A3_freefloating,dott-paris,291ce2aa-8579-4476-8546-6c00a87e745c,48.84890015599654,2.354982807536908,free_floating,,Dott,Paris,False,False,True,False,False,False,True,low,,,,,,,,,,
A4_discordant_composite,citiz_angers,280,47.46890640258789,-0.5398629903793335,carsharing,4.0,Citiz (carsharing),Angers,True,False,False,False,False,False,False,low,,,,,,,,,,
A4_discordant_composite,tempovelo,stn_jS3qxxcWXSRuMLXNgAEK5y,44.208132,0.620536,docked_bike,30.0,Tempovelo,Agen,False,False,False,False,False,False,False,high,,,,,,,,,,
A7_null_capacity,Optymo_Belfort_ALS,beffb463-2bb0-48ee-bb03-732d3f2863d4,47.63296,6.817977,carsharing,,Optymo Belfort Auto libre-service,Belfort,True,False,False,True,False,False,True,low,,,,,,,,,,
A4_discordant_legacy,voi_Le_Havre,32d32722-455f-479b-a609-0d083a73c18d,49.507048,0.169253,free_floating,7.0,Voi,Le Havre,False,False,True,False,False,False,False,medium,,,,,,,,,,
ff_honest_capacity,pony_paris,paris_parking_MAURICE_RIPOCHE_zidG7ED9DM9,48.83372,2.32172,free_floating,2.0,Pony,Paris,False,False,True,False,False,False,False,medium,,,,,,,,,,
A4_agree_flag,cyclovis,stn_Hh8FncreXTLUjQV87B82Ny,49.390868,3.275217,docked_bike,6.0,Cyclovis,Soissons,False,False,False,True,False,False,False,low,,,,,,,,,,
A7_null_capacity,Optymo_Belfort_ALS,f4c34bb4-5e55-41e6-9378-1102fa7d329c,47.645514,6.862668,carsharing,,Optymo Belfort Auto libre-service,Belfort,True,False,False,False,False,False,True,low,,,,,,,,,,
clean_docked,nantes,85,47.226394,-1.560023,docked_bike,14.0,Naolib,Nantes,False,False,False,False,False,False,False,high,,,,,,,,,,
A4_discordant_legacy,citiz_occitanie,1328,44.4457092285156,1.44230103492737,carsharing,1.0,Citiz (carsharing),Toulouse,True,False,False,False,False,False,False,low,,,,,,,,,,
A3_freefloating,dott-bordeaux,5347c466-dbe4-41cd-b7ca-06b04713b230,44.815859,-0.555861,free_floating,,Dott,Bordeaux,False,False,True,False,False,False,True,low,,,,,,,,,,
A3_freefloating,pony_paris,paris_parking_MADRID_zidFTVZHIDL,48.8779,2.31832,free_floating,1.0,Pony,Paris,False,False,True,False,False,False,False,medium,,,,,,,,,,
clean_docked,nancy,14,48.692818,6.16861,docked_bike,19.0,VéloStan,Nancy,False,False,False,False,False,False,False,high,,,,,,,,,,
A4_agree_flag,pony_Evry,Evry_parking_43,48.63357,2.40862,free_floating,,Pony,Evry,False,False,True,False,False,False,True,low,,,,,,,,,,
ff_honest_capacity,pony_paris,paris_parking_GRACIEUSE_zidRRKX183Q,48.84363,2.35153,free_floating,1.0,Pony,Paris,False,False,True,False,False,False,False,medium,,,,,,,,,,
A4_discordant_legacy,dott-paris,885d816b-dddc-4108-9ca4-c20146c09f28,48.83674899361855,2.279425368048779,free_floating,,Dott,Paris,False,False,True,False,False,False,True,low,,,,,,,,,,
A3_freefloating,pony_Angers,BikeRack Pagnol,47.448231892641736,-0.5554229520172154,free_floating,,Pony,Angers,False,False,True,False,False,False,True,low,,,,,,,,,,
A1_carsharing,citiz_alpes_loire,875,45.415977478027344,4.394111156463623,carsharing,2.0,Citiz (carsharing),Grenoble,True,False,False,False,False,False,False,low,,,,,,,,,,
A4_agree_flag,dott-ol-vallee,89171aae-f4bc-420b-b377-4338ed5a85d4,45.7638358,4.9813572,free_floating,,Dott,Ol-Vallee,False,False,True,False,False,False,False,medium,,,,,,,,,,
A7_null_capacity,Optymo_Belfort_ALS,80e9cf09-44dc-4cf3-bc00-f55656a9adbf,47.638337,6.872482,carsharing,,Optymo Belfort Auto libre-service,Belfort,True,False,False,False,False,False,True,low,,,,,,,,,,
A1_carsharing,citiz_alpes_loire,1266,45.237999,5.688417,carsharing,1.0,Citiz (carsharing),Grenoble,True,False,False,False,False,False,False,low,,,,,,,,,,
A4_agree_flag,bird-draguignan,a825bf0e-068c-4430-860e-12000f6aecf8,43.5238651,6.4885438,free_floating,,Bird,Draguignan,False,False,True,False,False,False,True,low,,,,,,,,,,
A7_null_capacity,Optymo_Belfort_ALS,80e3c844-c3d9-4770-8002-8a4c3c3e6709,47.652835,6.851939,carsharing,,Optymo Belfort Auto libre-service,Belfort,True,False,False,False,False,False,True,low,,,,,,,,,,
A4_agree_flag,bird-marseille,150328c9-f16d-48fe-87f1-51248984d6f5,43.37188995004004,5.35612,free_floating,,Bird,Marseille,False,False,True,False,False,False,True,low,,,,,,,,,,
A3_freefloating,pony_Angers,angers_parking_2_zidKAYKBUXE,47.465764,-0.551467,free_floating,,Pony,Angers,False,False,True,False,False,False,True,low,,,,,,,,,,
clean_docked,dijon,5,47.3212,5.0378,docked_bike,15.0,Velodi,Dijon,False,False,False,False,False,False,False,high,,,,,,,,,,
A4_discordant_legacy,bird-bordeaux,9df7d09c-66dd-42d4-8c18-670a6d50c65b,44.867284,-0.5480740000000001,free_floating,,Bird,Bordeaux,False,False,True,False,False,False,True,low,,,,,,,,,,
clean_docked,auxrmlevelo,ch8cisllc8te4d3h87ag,47.83416,3.68173,docked_bike,10.0,AuxR_M le vélo,Auxerre,False,False,False,False,False,False,False,high,,,,,,,,,,
A5_out_of_perimeter,citiz_grand_est,92,48.42298126220703,7.638957977294922,carsharing,1.0,Citiz (carsharing),Strasbourg,True,False,False,True,True,False,False,low,,,,,,,,,,
A1_carsharing,citiz_occitanie,1277,43.5465087890625,1.47733795642853,carsharing,2.0,Citiz (carsharing),Toulouse,True,False,False,False,False,False,False,low,,,,,,,,,,
A4_discordant_composite,voi_Marseille,cc594c1a-37f3-498c-a319-243402126379,43.289916,5.356457,free_floating,5.0,Voi,Marseille,False,False,True,False,False,False,False,medium,,,,,,,,,,
A1_carsharing,citiz_angers,520,47.476863861083984,-0.5983690023422241,carsharing,4.0,Citiz (carsharing),Angers,True,False,False,False,False,False,False,low,,,,,,,,,,
A7_null_capacity,Optymo_Belfort_ALS,81dd11bd-217b-45ed-91b4-23b5b6f0be52,47.622357,6.831259,carsharing,,Optymo Belfort Auto libre-service,Belfort,True,False,False,False,False,False,True,low,,,,,,,,,,
A5_out_of_perimeter,citiz_grand_est,347,49.245106,4.039134,carsharing,2.0,Citiz (carsharing),Strasbourg,True,False,False,False,True,False,False,low,,,,,,,,,,
A1_carsharing,citiz_angers,283,47.478946685791016,-0.5636640191078186,carsharing,1.0,Citiz (carsharing),Angers,True,False,False,False,False,False,False,low,,,,,,,,,,
A5_out_of_perimeter,lyon,16007,45.699605,4.882002,docked_bike,15.0,Vélo'V,Lyon,False,False,False,True,True,False,False,low,,,,,,,,,,
A1_carsharing,Optymo_Belfort_ALS,27f09500-a988-4875-9ef0-72aa73877e7a,47.640286,6.863534,carsharing,,Optymo Belfort Auto libre-service,Belfort,True,False,False,False,False,False,True,low,,,,,,,,,,
clean_docked,cyclam,stn_gV8j2HSW4odpRP7VWMVA3j,49.695062,4.930776,docked_bike,12.0,Cycl'AM,Ardenne Métropole,False,False,False,False,False,False,False,high,,,,,,,,,,
A5_out_of_perimeter,citiz_grand_est,1232,48.583403,7.771239,carsharing,1.0,Citiz (carsharing),Strasbourg,True,False,False,False,True,False,False,low,,,,,,,,,,
clean_docked,toulouse,132,43.622966,1.434449,docked_bike,19.0,VélÔToulouse,Toulouse,False,False,False,False,False,False,False,high,,,,,,,,,,
A4_discordant_legacy,dott-paris,5ad20b52-803b-4419-aa3f-3051e0fdd8ec,48.87075864018698,2.275729676470285,free_floating,,Dott,Paris,False,False,True,False,False,False,True,low,,,,,,,,,,
A3_freefloating,dott-paris,199ae694-96f6-47aa-8f80-797296b8af38,48.8521632000057,2.340731939189153,free_floating,,Dott,Paris,False,False,True,False,False,False,True,low,,,,,,,,,,
A3_freefloating,pony_Perpignan,perpignan_parking_Parking_6___Sentier_du_Guetteur__zidSR22D98F,42.93508,3.03201,free_floating,,Pony,Perpignan,False,False,True,False,False,False,True,low,,,,,,,,,,
clean_docked,lemarcel,stn_BzVR4rGRkHpe4FuZCH4S7g,48.268866,4.06965,docked_bike,40.0,Le Marcel,Troyes,False,False,False,False,False,False,False,high,,,,,,,,,,
A4_agree_flag,amiens,143,49.902109,2.272345,docked_bike,15.0,Velam,Amiens,False,False,False,False,False,False,False,high,,,,,,,,,,
A4_discordant_composite,beb,stn_dj7UN9e6ZJnDZC69VHcTQ8,46.188702,5.227953,docked_bike,14.0,Rubis'Velo,Bourg-en-Bresse,False,False,False,False,False,False,False,high,,,,,,,,,,
A1_carsharing,citiz_alpes_loire,1018,45.56922912597656,5.911548137664795,carsharing,2.0,Citiz (carsharing),Grenoble,True,False,False,False,False,False,False,low,,,,,,,,,,
A3_freefloating,pony_bordeaux,bordeaux_parking_Arceau_13975_zid53MG8R65,44.83925,-0.58195,free_floating,,Pony,Bordeaux,False,False,True,False,False,False,True,low,,,,,,,,,,
A4_discordant_composite,mp_CHATELLERAULT,314,46.834301,0.535307,docked_bike,7.0,CHATELLERAULT,Châtellerault,False,False,False,False,False,False,False,high,,,,,,,,,,
A2_placeholder,velozef,cirqbqcg3q5td18hqplg,48.39814,-4.45378,docked_bike,10.0,VéloZef,Brest,False,True,False,False,False,False,False,low,,,,,,,,,,
A4_discordant_legacy,dott-paris,09e90f98-785b-489d-aa33-dcdd4edbeb10,48.85152257598042,2.2692094206331896,free_floating,,Dott,Paris,False,False,True,False,False,False,True,low,,,,,,,,,,
A3_freefloating,dott-paris,4a9dba0d-2569-47c5-a37f-6c47dc85dce8,48.84145014018226,2.2667319477322345,free_floating,,Dott,Paris,False,False,True,False,False,False,True,low,,,,,,,,,,
A4_discordant_composite,zebullo,stn_RccEo2kiPhJeC8Zk4P6ar4,49.272615,4.06986,free_floating,10.0,Zebullo,Reims,False,False,True,False,False,False,False,medium,,,,,,,,,,
A5_out_of_perimeter,citiz_grand_est,523,47.58700942993164,7.563029766082764,carsharing,2.0,Citiz (carsharing),Strasbourg,True,False,False,False,True,False,False,low,,,,,,,,,,
A4_discordant_legacy,dott-bordeaux,b74932b3-2994-4794-8428-52451c31b9c8,44.8855739,-0.6900224,free_floating,,Dott,Bordeaux,False,False,True,False,False,False,True,low,,,,,,,,,,
A4_agree_flag,toulouse,3001,43.588092,1.354191,docked_bike,16.0,VélÔToulouse,Toulouse,False,False,False,False,False,False,False,high,,,,,,,,,,
A1_carsharing,citiz_grand_est,76,48.579063415527344,7.710916996002197,carsharing,3.0,Citiz (carsharing),Strasbourg,True,False,False,False,True,False,False,low,,,,,,,,,,
ff_honest_capacity,pony_paris,paris_parking_GUYANE_zid59S4OFSU,48.84289,2.41448,free_floating,2.0,Pony,Paris,False,False,True,False,False,False,False,medium,,,,,,,,,,
A4_discordant_legacy,pony_bordeaux,bordeaux_parking_Arceau_15259_zidRI39KJY4,44.84989,-0.62031,free_floating,,Pony,Bordeaux,False,False,True,False,False,False,True,low,,,,,,,,,,
ff_honest_capacity,pony_paris,paris_parking_DUQUESNE_zidPU667RGA,48.84982,2.31318,free_floating,1.0,Pony,Paris,False,False,True,False,False,False,False,medium,,,,,,,,,,
A4_discordant_composite,citiz_grand_poitiers,1487,46.5739714,0.3290087,carsharing,1.0,Tier,Poitiers,True,False,False,False,False,False,False,low,,,,,,,,,,
A4_agree_flag,Paris,214109662,48.84949749106274,2.475016415119172,docked_bike,20.0,Vélib' Métropole,Paris,False,False,False,False,False,False,False,high,,,,,,,,,,
A2_placeholder,velozef,cirqbusg3q5td18hqtbg,48.39988,-4.52989,docked_bike,10.0,VéloZef,Brest,False,True,False,False,False,False,False,low,,,,,,,,,,
A5_out_of_perimeter,citiz_grand_est,229,49.216434478759766,3.994946002960205,carsharing,3.0,Citiz (carsharing),Strasbourg,True,False,False,False,True,False,False,low,,,,,,,,,,
ff_honest_capacity,pony_paris,paris_parking_VALMY_zidX62GK3RV,48.88192,2.36868,free_floating,2.0,Pony,Paris,False,False,True,False,False,False,False,medium,,,,,,,,,,
clean_docked,velo-tbm-bordeaux,33,44.854092,-0.593128,docked_bike,19.0,Le Vélo TBM,Bordeaux,False,False,False,False,False,False,False,high,,,,,,,,,,
ff_honest_capacity,pony_paris,paris_parking_BEL_AIR_zidSB8G6Q1Y,48.84644,2.39753,free_floating,2.0,Pony,Paris,False,False,True,False,False,False,False,medium,,,,,,,,,,
ff_honest_capacity,pony_paris,paris_parking_GUY_MOQUET_zidJDSUVO2A,48.89159,2.32053,free_floating,2.0,Pony,Paris,False,False,True,False,False,False,False,medium,,,,,,,,,,
A3_freefloating,pony_paris,paris_parking_VILLETTE_zid2U62WN4A,48.87437,2.37444,free_floating,1.0,Pony,Paris,False,False,True,False,False,False,False,medium,,,,,,,,,,
A4_discordant_composite,citiz_rennes_metropole,1596,48.125846862793,-1.6855880022049,carsharing,2.0,Citiz (carsharing),Rennes,True,False,False,False,False,False,False,low,,,,,,,,,,
ff_honest_capacity,pony_paris,paris_parking_EUGENE_CARRIERE_zid7JCRJDWU,48.89012,2.33289,free_floating,2.0,Pony,Paris,False,False,True,False,False,False,False,medium,,,,,,,,,,
