system_id,country_code,form_factors,status
careem_bike,AE,bicycle|scooter_standing,ok
dott-sharjah,AE,bicycle|scooter,ok
dott-ras-al-khaimah,AE,bicycle|scooter,ok
dott-dubai-hills,AE,bicycle|scooter,ok
dott-bregenz,AT,scooter,ok
dott-abu-dhabi,AE,scooter,ok
dott-dubai,AE,bicycle|scooter,ok
dott-baden-bei-wien,AT,scooter,ok
dott-feldkirchen-bei-graz,AT,scooter,ok
dott-innsbruck,AT,scooter,ok
dott-klagenfurt,AT,scooter,ok
dott-leoben,AT,bicycle|scooter,ok
dott-korneuburg,AT,scooter,ok
dott-linz,AT,scooter,ok
dott-dornbirn,AT,scooter,ok
dott-sankt-anton-am-arlberg,AT,scooter,ok
dott-modling,AT,scooter,ok
dott-steyr,AT,scooter,ok
dott-wels,AT,scooter,ok
nextbike_al,AT,bicycle|cargo_bicycle,ok
nextbike_ka,AT,bicycle|cargo_bicycle,ok
nextbike_eq,AT,bicycle,ok
nextbike_vt,AT,bicycle|cargo_bicycle,ok
nextbike_bz,BA,bicycle,ok
nextbike_si,AT,bicycle|cargo_bicycle,ok
nextbike_ba,BA,bicycle,ok
nextbike_wr,AT,bicycle,ok
nextbike_la,AT,bicycle|cargo_bicycle,ok
nextbike_bj,BA,bicycle,ok
dott-aalst,BE,bicycle|scooter,ok
dott-brussels,BE,bicycle|scooter,ok
dott-kortrijk,BE,bicycle|scooter,ok
bluebike,BE,bicycle,ok
BoltEU_Brussels,BE,bicycle|scooter_standing,ok
biketobike,AR,,error:GBFSDiscoveryError
donkey_gh,BE,bicycle,ok
donkey_antwerp,BE,bicycle,ok
donkey_westhoek,BE,bicycle,ok
bike_buenosaires,AR,bicycle|scooter_standing,ok
bike_nordelta,AR,bicycle|scooter_standing,ok
dott-liege,BE,bicycle|scooter,ok
dott-charleroi,BE,scooter,ok
dott-ghent,BE,bicycle,ok
voi_Antwerp,BE,bicycle|scooter,ok
namur,BE,bicycle,ok
nextbike_hf,BE,bicycle,ok
bruxelles,BE,bicycle,ok
lime_antwerp,BE,bicycle|scooter,ok
lime_brussels,BE,bicycle|scooter,ok
cc_smartbike_antwerp,BE,,error:GBFSDiscoveryError
saguenay_bike,CA,bicycle|scooter_standing,ok
bike_share_toronto,CA,bicycle|scooter_standing,ok
avelo_quebec,CA,bicycle|scooter_standing,ok
curitiba,BR,bicycle|scooter_standing,ok
bike_pe,BR,bicycle|scooter_standing,ok
bike_brasilia,BR,bicycle|scooter_standing,ok
bike_rio,BR,bicycle|scooter_standing,ok
bike_salvador,BR,bicycle|scooter_standing,ok
lime_edmonton,CA,bicycle|scooter,ok
bird-halifax,CA,bicycle|scooter,ok
lime_calgary,CA,bicycle|scooter,ok
rivi_bike,BR,bicycle|scooter_standing,ok
bike_poa,BR,bicycle|scooter_standing,ok
lime_kelowna,CA,bicycle|scooter,ok
bird-vaughan,CA,bicycle|scooter,ok
lime_mississauga,CA,bicycle|scooter,ok
bike_sampa,BR,bicycle|scooter_standing,ok
sobi_hamilton,CA,,error:GBFSDiscoveryError
lime_ottawa,CA,bicycle|scooter,ok
lime_vancouver_bc,CA,bicycle|scooter,ok
zem_ch,CH,car,ok
carvelo2go_ch,CH,bicycle|car|cargo_bicycle,ok
Bixi_MTL,CA,,error:GBFSDiscoveryError
car_ship,CH,car,ok
bolt_basel,CH,scooter_standing,ok
bolt_zurich,CH,scooter_standing,ok
bird-ottawa,CA,bicycle|scooter,ok
bird-schaffhausen,CH,bicycle|scooter,ok
pbsn,CA,bicycle|scooter_standing,ok
Mobibikes_CA_Vancouver,CA,bicycle,ok
dott-romanshorn,CH,bicycle|scooter,ok
dott-basel,CH,scooter,ok
edrivecarsharing_ch,CH,car,ok
dott-st.-gallen,CH,bicycle|scooter,ok
dott-rorschach,CH,bicycle|scooter,ok
donkey_kreuzlingen,CH,bicycle|cargo_bicycle,ok
epfl_lausanne,CH,bicycle,ok
donkey_thun,CH,bicycle|cargo_bicycle,ok
donkey_ge,CH,bicycle,ok
donkey_neuchatel,CH,bicycle|other,ok
mobility_ch,CH,car,ok
dott-winterthur,CH,bicycle|scooter,ok
dott-zurich,CH,bicycle|scooter,ok
pickebike_basel,CH,bicycle|moped,ok
mybuxi_ch,CH,car,ok
pickebike_fribourg,CH,bicycle|moped,ok
pickebike_aubonne,CH,bicycle|moped,ok
donkey_yverdon-les-bains,CH,bicycle,ok
velospot_ch,CH,bicycle|scooter_standing,ok
nextbike_ms,CH,bicycle|cargo_bicycle,ok
voi_ch,CH,bicycle|scooter_standing,ok
nextbike_ch,CH,bicycle|cargo_bicycle,ok
nextbike_cy,CY,bicycle|scooter,ok
nextbike_td,CZ,bicycle,ok
nextbike_te,CZ,bicycle,ok
share_birrer_ch,CH,bike|car,ok
nextbike_tf,CZ,bicycle,ok
lime_zug,CH,bicycle|scooter,ok
quickrent.ch,CH,car,ok
lime_opfikon,CH,bicycle|scooter,ok
nextbike_nd,CZ,bicycle,ok
nextbike_nc,CZ,bicycle,ok
nextbike_na,CZ,bicycle,ok
nextbike_nt,CZ,bicycle,ok
nextbike_co,CZ,bicycle,ok
sharedmobility.ch,CH,,error:GBFSDiscoveryError
nextbike_ud,CZ,bicycle,ok
nextbike_tl,CZ,bicycle,ok
nextbike_ts,CZ,bicycle,ok
nextbike_uf,CZ,bicycle,ok
nextbike_ni,CZ,bicycle,ok
nextbike_tw,CZ,bicycle,ok
nextbike_tk,CZ,bicycle,ok
nextbike_xa,CZ,bicycle,ok
nextbike_ky,CZ,bicycle,ok
nextbike_lb,CZ,bicycle,ok
nextbike_tq,CZ,bicycle,ok
nextbike_ko,CZ,bicycle,ok
nextbike_xc,CZ,bicycle,ok
nextbike_lo,CZ,bicycle,ok
nextbike_nh,CZ,bicycle,ok
nextbike_uo,CZ,bicycle,ok
nextbike_cu,CZ,bicycle,ok
nextbike_ti,CZ,bicycle,ok
nextbike_ne,CZ,bicycle,ok
nextbike_tj,CZ,bicycle,ok
nextbike_ot,CZ,bicycle,ok
nextbike_nr,CZ,bicycle,ok
nextbike_to,CZ,bicycle,ok
nextbike_cq,CZ,bicycle,ok
nextbike_ty,CZ,bicycle,ok
nextbike_rl,CZ,bicycle,ok
nextbike_tx,CZ,bicycle,ok
nextbike_tg,CZ,bicycle,ok
nextbike_ns,CZ,bicycle,ok
nextbike_tt,CZ,bicycle,ok
nextbike_tu,CZ,bicycle,ok
nextbike_xb,CZ,bicycle,ok
nextbike_vm,CZ,bicycle,ok
nextbike_vr,CZ,bicycle,ok
nextbike_tv,CZ,bicycle,ok
nextbike_ac,DE,bicycle,ok
nextbike_zs,CZ,bicycle,ok
nextbike_rh,DE,bicycle,ok
nextbike_wp,DE,bicycle,ok
nextbike_bq,DE,bicycle|cargo_bicycle,ok
bolt_karlsruhe,DE,scooter_standing,ok
herrenberg_alf,DE,cargo_bicycle,ok
bogota_bike,CO,bicycle|other|scooter_standing,ok
bike_santiago,CL,bicycle|scooter_standing,ok
oekostadt_renningen,DE,car,ok
bolt_stuttgart,DE,scooter_standing,ok
callabike,DE,bicycle,ok
conficars_ulm,DE,car,ok
gruene-flotte_freiburg,DE,car,ok
stadtwerke_wertheim,DE,car,ok
nextbike_cb,DE,bicycle,ok
donkey_kielsmile,DE,bicycle|cargo_bicycle,ok
bayern_komplett,DE,bicycle|cargo_bicycle,ok
Ergolding,DE,bicycle|cargo_bicycle,ok
Neutraubling,DE,bicycle|cargo_bicycle,ok
Obertraubling,DE,bicycle|cargo_bicycle,ok
Donkey-Prignitz,DE,,no_vehicle_types
donkey_munich,DE,bicycle,ok
Augsburg,DE,bicycle|cargo_bicycle,ok
Kelheim,DE,bicycle|cargo_bicycle,ok
donkey_bamberg,DE,bicycle|cargo_bicycle,ok
donkey_regensburg_straubing,DE,bicycle|cargo_bicycle,ok
donkey_hannover,DE,bicycle,ok
donkey_regensburg,DE,bicycle|cargo_bicycle,ok
donkey_kiel,DE,bicycle|cargo_bicycle,ok
dott-bielefeld,DE,scooter,ok
dott-aachen,DE,bicycle|scooter,ok
dott-bochum,DE,scooter,ok
dott-berlin,DE,bicycle|scooter,ok
dott-bruhl,DE,scooter,ok
dott-boblingen,DE,scooter,ok
dott-brunswick,DE,scooter,ok
dott-celle,DE,scooter,ok
dott-cologne,DE,bicycle|scooter,ok
dott-baunatal,DE,bicycle|scooter,ok
dott-bremen,DE,scooter,ok
dott-cottbus,DE,scooter,ok
dott-darmstadt,DE,bicycle|scooter,ok
dott-bonn,DE,scooter,ok
dott-dortmund,DE,scooter,ok
dott-duisburg,DE,scooter,ok
dott-dusseldorf,DE,bicycle|scooter,ok
dott-elmshorn,DE,bicycle|scooter,ok
5534922f6997f4d861ce1b33f2efce21a470c22,DE,,error:GBFSDiscoveryError
dott-flensburg,DE,scooter,ok
dott-essen,DE,scooter,ok
dott-erlangen,DE,scooter,ok
dott-gera,DE,bicycle|scooter,ok
dott-frankfurt,DE,bicycle|scooter,ok
dott-heidelberg,DE,bicycle|scooter,ok
dott-friedrichshafen,DE,bicycle|scooter,ok
dott-gladbeck,DE,scooter,ok
dott-hamburg,DE,bicycle|scooter,ok
dott-hamm,DE,scooter,ok
dott-hannover,DE,scooter,ok
dott-herne,DE,scooter,ok
dott-heilbronn,DE,bicycle|scooter,ok
dott-herford,DE,scooter,ok
dott-herten,DE,scooter,ok
dott-ingolstadt,DE,bicycle|scooter,ok
dott-hildesheim,DE,scooter,ok
dott-hilden,DE,bicycle|scooter,ok
dott-kaiserslautern,DE,scooter,ok
dott-karlsruhe,DE,scooter,ok
dott-kassel,DE,scooter,ok
dott-kiel,DE,scooter,ok
dott-langenfeld,DE,bicycle|scooter,ok
dott-lindau,DE,bicycle|scooter,ok
dott-lubeck,DE,scooter,ok
dott-leipzig,DE,scooter,ok
dott-ludwigsburg,DE,scooter,ok
dott-mannheim,DE,bicycle|scooter,ok
dott-monchengladbach,DE,bicycle|scooter,ok
dott-mainz,DE,bicycle|scooter,ok
dott-mulheim-an-der-ruhr,DE,scooter,ok
dott-munich,DE,bicycle|scooter,ok
dott-monheim-am-rhein,DE,bicycle|scooter,ok
dott-munster,DE,scooter,ok
dott-neuss,DE,bicycle|scooter,ok
dott-potsdam,DE,bicycle|scooter,ok
dott-osnabruck,DE,scooter,ok
dott-nuremberg,DE,scooter,ok
dott-paderborn,DE,scooter,ok
dott-pinneberg,DE,bicycle|scooter,ok
dott-russelsheim,DE,bicycle|scooter,ok
dott-sankt-augustin,DE,scooter,ok
dott-recklinghausen,DE,scooter,ok
dott-rostock,DE,scooter,ok
dott-reutlingen,DE,bicycle|scooter,ok
dott-saarbrucken,DE,bicycle|scooter,ok
dott-solingen,DE,bicycle|scooter,ok
dott-regensburg,DE,bicycle|scooter,ok
dott-stuttgart,DE,scooter,ok
dott-troisdorf,DE,scooter,ok
dott-schwabisch-gmund,DE,bicycle|scooter,ok
dott-tubingen,DE,bicycle|scooter,ok
dott-ulm,DE,bicycle|scooter,ok
dott-wiesbaden,DE,bicycle|scooter,ok
dott-uberlingen,DE,bicycle|scooter,ok
dott-wolfsburg,DE,scooter,ok
dott-wuppertal,DE,bicycle|scooter,ok
einfach_unterwegs,DE,bicycle|car|cargo_bicycle,ok
flinkster_carsharing,DE,car,ok
nextbike_eb,DE,bicycle,ok
herrenberg_fare,DE,cargo_bicycle,ok
ford_carsharing_autohauskauderer,DE,car,ok
ford_carsharing_autohausbaur,DE,car,ok
nextbike_ed,DE,bicycle,ok
nextbike_eh,DE,bicycle|cargo_bicycle|other,ok
nextbike_an,DE,bicycle,ok
nextbike_ev,DE,bicycle|cargo_bicycle,ok
herrenberg_guelf,DE,cargo_bicycle,ok
nextbike_hb,DE,bicycle|cargo_bicycle,ok
hertlein_carsharing,DE,car,ok
nextbike_da,DE,bicycle,ok
lastenvelo_fr,DE,cargo_bicycle,ok
lara_to_go,DE,cargo_bicycle,ok
nextbike_fg,DE,bicycle|cargo_bicycle,ok
nextbike_dg,DE,bicycle,ok
nextbike_lc,DE,bicycle,ok
nextbike_kk,DE,bicycle|cargo_bicycle,ok
nextbike_df,DE,bicycle|cargo_bicycle,ok
nextbike_kg,DE,bicycle,ok
nextbike_mr,DE,cargo_bicycle,ok
mikar,DE,car,ok
naturenergie_sharing,DE,car|cargo_bicycle,ok
nextbike_dx,DE,bicycle|cargo_bicycle,ok
nextbike_re,DE,bicycle,ok
nextbike_mx,DE,bicycle|cargo_bicycle,ok
nextbike_sn,DE,bicycle,ok
nextbike_ml,DE,bicycle,ok
nextbike_am,DE,bicycle|cargo_bicycle,ok
nextbike_ng,DE,bicycle|cargo_bicycle,ok
nextbike_dj,DE,bicycle,ok
nextbike_dh,DE,bicycle,ok
nextbike_dk,DE,bicycle,ok
nextbike_le,DE,bicycle,ok
nextbike_nm,DE,bicycle|cargo_bicycle,ok
nextbike_do,DE,bicycle|cargo_bicycle,ok
nextbike_nn,DE,bicycle|cargo_bicycle,ok
nextbike_bn,DE,bicycle,ok
oberschwabenmobil,DE,car,ok
nextbike_dd,DE,bicycle,ok
regiorad_stuttgart,DE,bicycle,ok
stadtmobil_karlsruhe,DE,car,ok
nextbike_rr,DE,bicycle,ok
nextbike_ds,DE,bicycle,ok
nextbike_wn,DE,bicycle,ok
nextbike_dc,DE,bicycle,ok
nextbike_sv,DE,bicycle,ok
seefahrer_ecarsharing,DE,car|cargo_bicycle,ok
stadtmobil_rhein-neckar,DE,car,ok
herrenberg_stadtrad,DE,cargo_bicycle,ok
nextbike_ug,DE,bicycle,ok
teilauto_biberach,DE,car,ok
teilauto_neckar-alb,DE,car|cargo_bicycle,ok
lime_frankfurt,DE,bicycle|scooter,ok
stadtmobil_stuttgart,DE,car,ok
lime_hamburg,DE,bicycle|scooter,ok
teilauto_schwaebisch_hall,DE,car,ok
lime_oberhausen,DE,bicycle|scooter,ok
lime_wuppertal,DE,bicycle|scooter,ok
stadtwerk_tauberfranken,DE,car,ok
swabi,DE,bicycle,ok
voi_de,DE,scooter_standing,ok
nextbike_ur,DE,bicycle|cargo_bicycle|scooter,ok
nextbike_dv,DE,bicycle|cargo_bicycle,ok
nextbike_dn,DE,bicycle,ok
nextbike_gh,DE,bicycle,ok
nextbike_vn,DE,bicycle|cargo_bicycle,ok
nextbike_wa,DE,bicycle|cargo_bicycle,ok
nextbike_wd,DE,bicycle,ok
zeo_bruchsal,DE,car,ok
nextbike_dw,DE,bicycle,ok
donkey_glostrup,DK,bicycle,ok
donkey_aarhus,DK,bicycle,ok
donkey_aalborg,DK,bicycle,ok
donkey_ballerup,DK,,no_vehicle_types
donkey_copenhagen,DK,bicycle,ok
9,DE,bicycle|scooter_standing,ok
donkey_frederikshavn,DK,bicycle,ok
nextbike_bs,ES,bicycle,ok
donkey_hillerod,DK,bicycle,ok
nextbike_ad,ES,bicycle,ok
donkey_store_heddinge,DK,bicycle,ok
dott-copenhagen,DK,bicycle,ok
dott-region-h,DK,bicycle,ok
dott-frederikssund,DK,bicycle,ok
dott-roskilde,DK,bicycle,ok
nextbike_by,ES,bicycle,ok
nextbike_ea,ES,bicycle,ok
nextbike_aa,ES,bicycle,ok
acoruna,ES,bicycle|scooter_standing,ok
donkey_klampenborg,DK,,no_vehicle_types
bicimad_madrid,ES,bicycle|scooter_standing,ok
donkey_odense,DK,,no_vehicle_types
bike_barcelona,ES,bicycle|scooter_standing,ok
nextbike_bw,ES,bicycle,ok
rivas,ES,bicycle|scooter_standing,ok
bilbao,ES,bicycle|scooter_standing,ok
sansebastian,ES,bicycle|scooter_standing,ok
zaragoza,ES,bicycle|scooter_standing,ok
bird-adeje,ES,bicycle|scooter,ok
bird-barcelona,ES,bicycle|scooter,ok
dott-lorca,ES,bicycle|scooter,ok
dott-tenerife-sur,ES,scooter,ok
dott-murcia,ES,bicycle|scooter,ok
dott-tenerife,ES,scooter,ok
dott-tarragona,ES,bicycle|scooter,ok
dott-estepona,ES,bicycle|scooter,ok
dott-grado,ES,bicycle|scooter,ok
donkey_barcelona,ES,bicycle,ok
BIKI_valladolid,ES,bicycle|scooter_standing,ok
nextbike_sl,ES,bicycle,ok
nextbike_el,ES,bicycle,ok
nextbike_ls,ES,bicycle,ok
seville,ES,bicycle,ok
nextbike_ej,ES,bicycle,ok
valence,ES,bicycle,ok
nextbike_en,ES,bicycle,ok
ganxeta_reus,ES,bicycle,ok
donkey_kotka,FI,bicycle,ok
nextbike_ek,ES,bicycle,ok
donkey_imatra,FI,bicycle,ok
donkey_porvoo,FI,bicycle,ok
donkey_lappeenranta,FI,bicycle,ok
donkey_kouvola,FI,bicycle,ok
donkey_maentsaelae,FI,bicycle,ok
dott-hamina,FI,scooter,ok
dott-tammisaari,FI,scooter,ok
donkey_raasepori,FI,bicycle,ok
donkey_iisalmi,FI,bicycle,ok
donkey_turku,FI,bicycle|cargo_bicycle,ok
dott-espoo,FI,scooter,ok
donkey_mikkeli,FI,bicycle,ok
dott-hyvinkaa,FI,scooter,ok
dott-hameenlinna,FI,bicycle|scooter,ok
dott-jarvenpaa,FI,scooter,ok
dott-helsinki,FI,scooter,ok
dott-joensuu,FI,bicycle|scooter,ok
dott-jyvaskyla,FI,bicycle|scooter,ok
dott-kaarina,FI,bicycle|scooter,ok
dott-kangasala,FI,bicycle|scooter,ok
donkey_riihimaki,FI,bicycle,ok
dott-kotka,FI,scooter,ok
dott-kirkkonummi,FI,scooter,ok
dott-kajaani,FI,bicycle|scooter,ok
dott-klaukkala,FI,scooter,ok
dott-kerava,FI,scooter,ok
dott-lahti,FI,scooter,ok
dott-lappeenranta,FI,scooter,ok
dott-kuopio,FI,bicycle|scooter,ok
dott-lempaala,FI,bicycle|scooter,ok
dott-mikkeli,FI,bicycle|scooter,ok
dott-nokia,FI,scooter,ok
dott-turku,FI,bicycle|scooter,ok
dott-riihimaki,FI,scooter,ok
dott-naantali,FI,bicycle|scooter,ok
dott-myyrmaki,FI,bicycle|scooter,ok
dott-porvoo,FI,scooter,ok
dott-tampere,FI,scooter,ok
dott-vaasa,FI,scooter,ok
dott-seinajoki,FI,bicycle|scooter,ok
dott-raisio,FI,bicycle|scooter,ok
dott-vantaa,FI,scooter,ok
auray-quiberon,FR,bicycle,ok
auxrmlevelo,FR,bicycle,ok
auto-en-velay,FR,,error:GBFSFetchError
auchveloc,FR,bicycle|scooter_standing,ok
altervelo,FR,bicycle|scooter_standing,ok
dott-kokkola,FI,scooter,ok
brennus_a_velo_sens,FR,bicycle,ok
calivelo,FR,bicycle|scooter_standing,ok
bird-gap,FR,bicycle|scooter,ok
bird-ajaccio,FR,bicycle|scooter,ok
capcotentin,FR,bicycle|scooter_standing,ok
bird-bordeaux,FR,bicycle|scooter,ok
choletbus,FR,bicycle|scooter_standing,ok
bird-marseille,FR,bicycle|scooter,ok
CVelo_FR_Clermont-Ferrand,FR,bicycle|scooter_standing,ok
mp_TARARE,FR,bicycle,ok
bird-millau,FR,bicycle|scooter,ok
bird-montlucon,FR,bicycle|scooter,ok
bird-draguignan,FR,bicycle|scooter,ok
mp_CHATELLERAULT,FR,bicycle,ok
bird-vichy,FR,bicycle|scooter,ok
bird-laval,FR,bicycle|scooter,ok
bird-sarreguemines,FR,bicycle|scooter,ok
bird-larochesuryon,FR,bicycle|scooter,ok
citiz_gironde,FR,car,ok
citiz_alpes_loire,FR,car|other,ok
citedia_services,FR,,error:GBFSFetchError
citiz_bfc,FR,car,ok
citiz_grand_est,FR,car,ok
citiz_angers,FR,car|cargo_bicycle|other,ok
citiz_developpement,FR,car,ok
aupa,FR,car,ok
citiz_rennes_metropole,FR,car|cargo_bicycle,ok
citiz_provence,FR,car|other,ok
citiz_occitanie,FR,car|other,ok
citiz_grand_poitiers,FR,car,ok
citiz_metropole_lyon,FR,car,ok
citiz_nantes,FR,car|other,ok
citiz_lille_arras,FR,car,ok
citiz_la_rochelle,FR,car,ok
cyclolibre,FR,bicycle|scooter_standing,ok
dott-bordeaux,FR,bicycle|scooter,ok
dott-paris,FR,bicycle,ok
dott-bourgoin-jallieu,FR,bicycle|scooter,ok
dott-gpseo,FR,bicycle|scooter,ok
clem-france,FR,bicycle|car,ok
dott-versailles-grand-parc,FR,bicycle|scooter,ok
mp_ESTREES,FR,bicycle,ok
cyclovis,FR,bicycle|scooter_standing,ok
dott-siemu,FR,bicycle|scooter,ok
dott-ol-vallee,FR,scooter,ok
impulsyon,FR,bicycle|scooter_standing,ok
mp_GEVAUDAN,FR,bicycle,ok
labaule,FR,bicycle|scooter_standing,ok
dott-lyon,FR,scooter,ok
cyclam,FR,bicycle|scooter_standing,ok
idecycle_pau,FR,bicycle,ok
graoulib_metz,FR,bicycle,ok
valenciennes,FR,bicycle,ok
karu,FR,bicycle|scooter_standing,ok
lemarcel,FR,bicycle|scooter_standing,ok
montenvelo_mont_blanc,FR,bicycle,ok
petitesreines,FR,bicycle|scooter_standing,ok
libelo,FR,bicycle|scooter_standing,ok
levelo_inurba_marseille,FR,bicycle,ok
chantrerie,FR,bicycle|scooter_standing,ok
nemovelo,FR,bicycle|scooter_standing,ok
ogalo,FR,bicycle|scooter_standing,ok
velo-tbm-bordeaux,FR,bicycle,ok
le_velo_star,FR,,error:GBFSDiscoveryError
inurba-rouen,FR,bicycle,ok
nantes,FR,bicycle,ok
mp_Opale,FR,bicycle,ok
mp_OLORON,FR,bicycle,ok
perivelo,FR,bicycle|scooter_standing,ok
lime_lille,FR,bicycle|scooter,ok
pony_Basque_Country,FR,bicycle|scooter,ok
lime_marseille,FR,bicycle|scooter,ok
lime_paris,FR,bicycle|scooter,ok
lime_nice,FR,bicycle|scooter,ok
pony_Bourges,FR,bicycle|scooter,ok
pony_Beauvais,FR,bicycle|scooter,ok
pony_Angers,FR,bicycle|scooter,ok
Optymo_FR_Belfort,FR,,error:GBFSDiscoveryError
pony_Lorient,FR,bicycle|scooter,ok
mp_ARBRESLE,FR,bicycle,ok
pony_Nice,FR,bicycle|scooter,ok
pony_bordeaux,FR,bicycle|scooter,ok
pony_poitiers,FR,bicycle|scooter,ok
mp_COQUELICOT,FR,bicycle,ok
pony_Evry,FR,bicycle|scooter,ok
pony_Perpignan,FR,bicycle|scooter,ok
rhoule,FR,bicycle|scooter_standing,ok
pony_Herouville,FR,bicycle|scooter,ok
pony_Limoges,FR,bicycle|scooter,ok
ti_velo,FR,bicycle,ok
rlvlib,FR,bicycle|scooter_standing,ok
tempovelo,FR,bicycle|scooter_standing,ok
Optymo_Belfort_ALS,FR,car,ok
twisto_velolib_caen,FR,bicycle,ok
beb,FR,bicycle|scooter_standing,ok
velibeo,FR,bicycle|scooter_standing,ok
semo,FR,bicycle|scooter_standing,ok
tlpmobilites,FR,bicycle|scooter_standing,ok
calais,FR,bicycle|scooter_standing,ok
grand-est,FR,bicycle,ok
tanlib,FR,bicycle|scooter_standing,ok
mp_OSSAU,FR,bicycle,ok
mp_VASSIVIERE,FR,bicycle,ok
saintbrieuc,FR,bicycle,ok
velodaqui,FR,bicycle|scooter_standing,ok
velo_modalis_angouleme,FR,bicycle,ok
velocite,FR,bicycle|scooter_standing,ok
amiens,FR,bicycle,ok
Paris,FR,,error:GBFSDiscoveryError
mp_LASCAUX,FR,bicycle,ok
velomoove_pompey,FR,bicycle,ok
velivert_saint_etienne,FR,bicycle,ok
velo-modalis,FR,bicycle,ok
v_lille,FR,bicycle,ok
cergy,FR,bicycle,ok
nextbike_ae,FR,bicycle,ok
calais-velos,FR,,error:GBFSDiscoveryError
velozef,FR,bicycle,ok
velonecy60minutes_annecy,FR,bicycle,ok
velopop,FR,bicycle,ok
nextbike_af,FR,bicycle,ok
vilvolt_epinal,FR,bicycle,ok
velomagg_montpellier,FR,bicycle,ok
vivelo,FR,bicycle,ok
velyceo,FR,bicycle|scooter_standing,ok
lyon,FR,bicycle,ok
besancon,FR,bicycle,ok
vernouvelo,FR,bicycle|scooter_standing,ok
vertuose,FR,bicycle|scooter_standing,ok
zebullo,FR,bicycle|scooter_standing,ok
toulouse,FR,bicycle,ok
nextbike_ah,FR,bicycle,ok
nancy,FR,bicycle,ok
voi_SQY,FR,bicycle|scooter,ok
voi_Grenoble,FR,bicycle|scooter,ok
voi_Marseille,FR,bicycle|scooter,ok
voi_V'Lônes,FR,bicycle|scooter,ok
voi_Le_Havre,FR,bicycle|scooter,ok
voi_Paris,FR,bicycle|scooter,ok
beryl_bcp,GB,bicycle|cargo_bicycle|scooter,ok
beryl_bradford,GB,bicycle|cargo_bicycle|scooter,ok
viavelo,FR,bicycle|scooter_standing,ok
beryl_cornwall,GB,bicycle|cargo_bicycle|scooter,ok
beryl_greater_manchester,GB,bicycle|cargo_bicycle|scooter,ok
beryl_brighton,GB,bicycle|cargo_bicycle|scooter,ok
beryl_guildford,GB,bicycle|cargo_bicycle|scooter,ok
beryl_hertsmere,GB,bicycle|cargo_bicycle|scooter,ok
beryl_canterbury,GB,bicycle|cargo_bicycle|scooter,ok
beryl_norwich,GB,bicycle|cargo_bicycle|scooter,ok
beryl_leeds,GB,bicycle|cargo_bicycle|scooter,ok
beryl_hereford,GB,bicycle|cargo_bicycle|scooter,ok
beryl_stevenage,GB,bicycle|cargo_bicycle|scooter,ok
beryl_hackney_cargo_bike,GB,bicycle|cargo_bicycle|scooter,ok
beryl_isle_of_wight,GB,bicycle|cargo_bicycle|scooter,ok
beryl_eastleigh,GB,bicycle|cargo_bicycle|scooter,ok
beryl_weymouth,GB,bicycle|cargo_bicycle|scooter,ok
beryl_wool,GB,bicycle|cargo_bicycle|scooter,ok
beryl_watford,GB,bicycle|cargo_bicycle|scooter,ok
beryl_west_midlands,GB,bicycle|cargo_bicycle|scooter,ok
beryl_portsmouth,GB,bicycle|cargo_bicycle|scooter,ok
BoltEU_Liverpool,GB,bicycle|scooter_standing,ok
beryl_southampton,GB,bicycle|cargo_bicycle|scooter,ok
beryl_plymouth,GB,bicycle|cargo_bicycle|scooter,ok
beryl_worcester,GB,bicycle|cargo_bicycle|scooter,ok
dott-bath,GB,bicycle|scooter,ok
dott-brunel-university,GB,bicycle,ok
dott-braintree,GB,bicycle|scooter,ok
donkey_oxford,GB,bicycle,ok
dott-bristol,GB,bicycle|scooter,ok
dott-milton-keynes,GB,bicycle|scooter,ok
donkey_cirencester,GB,bicycle,ok
donkey_worthing,GB,bicycle,ok
dott-chelmsford,GB,bicycle|scooter,ok
dott-nottingham,GB,scooter,ok
dott-colchester,GB,bicycle,ok
dott-athens,GR,scooter,ok
dott-thessaloniki,GR,scooter,ok
nextbike_uk,GB,bicycle,ok
nextbike_we,GB,cargo_bicycle,ok
nextbike_gv,GR,bicycle,ok
nextbike_uu,GB,bicycle,ok
nextbike_gk,HR,bicycle,ok
nextbike_bc,HR,bicycle,ok
nextbike_kc,HR,bicycle,ok
nextbike_cs,HR,,no_vehicle_types
nextbike_sb,HR,bicycle,ok
nextbike_gt,HR,bicycle,ok
nextbike_cg,HR,bicycle,ok
nextbike_se,HR,,no_vehicle_types
nextbike_cm,HR,bicycle,ok
nextbike_gu,GR,bicycle,ok
nextbike_hd,HR,bicycle,ok
nextbike_gy,GR,bicycle,ok
nextbike_vu,HR,,no_vehicle_types
nextbike_gx,GR,bicycle,ok
nextbike_sg,HR,bicycle,ok
nextbike_zd,HR,bicycle,ok
nextbike_gd,HR,,no_vehicle_types
nextbike_ol,HR,,no_vehicle_types
nextbike_cj,HR,,no_vehicle_types
nextbike_hr,HR,bicycle|scooter,ok
nextbike_br,HR,bicycle,ok
nextbike_em,HR,bicycle,ok
nextbike_ig,HR,,no_vehicle_types
nextbike_cv,HR,,no_vehicle_types
dott-budapest,HU,scooter,ok
dott-godollo,HU,scooter,ok
dott-siofok,HU,scooter,ok
dott-dunaujvaros,HU,scooter,ok
dott-papa,HU,scooter,ok
dott-gyor,HU,scooter,ok
donkey_budapest,HU,bicycle,ok
dott-hatvan,HU,scooter,ok
dott-tel-aviv,IL,scooter,ok
dott-herzliya,IL,bicycle|scooter,ok
dott-arezzo,IT,scooter,ok
dott-bari,IT,scooter,ok
beryl_belfast,IE,bicycle|cargo_bicycle|scooter,ok
donkey_reykjavik,IS,bicycle,ok
dublin,IE,bicycle,ok
dott-catania,IT,scooter,ok
dott-ferrara,IT,bicycle|scooter,ok
dott-bergamo,IT,bicycle|scooter,ok
dott-cagliari,IT,scooter,ok
dott-rome,IT,bicycle|scooter,ok
dott-palermo,IT,scooter,ok
dott-padua,IT,bicycle|scooter,ok
dott-trento,IT,scooter,ok
dott-milan,IT,bicycle|scooter,ok
dott-jesolo,IT,bicycle|scooter,ok
dott-verona,IT,bicycle|scooter,ok
lime_tel_aviv,IL,bicycle|scooter,ok
dott-reggio-emilia,IT,scooter,ok
dott-varese,IT,bicycle|scooter,ok
dott-monza,IT,bicycle|scooter,ok
dott-lecco,IT,bicycle|scooter,ok
dott-turin,IT,bicycle|scooter,ok
toyama,JP,bicycle,ok
milan-bikemi,IT,bicycle,ok
verona-bike,IT,bicycle,ok
nextbike_wh,IT,bicycle,ok
liemobil_liechtenstein,LI,bicycle,ok
nextbike_ib,IT,bicycle,ok
nextbike_fa,IT,bicycle,ok
lime_naples,IT,bicycle|scooter,ok
luxembourg,LU,bicycle,ok
vilnius,LT,bicycle,ok
nextbike_lv,LV,,no_vehicle_types
lime_bari,IT,bicycle|scooter,ok
mona_bike,MC,bicycle|scooter_standing,ok
donkey_li,LI,bicycle,ok
mibici_guadalajara,MX,bicycle|scooter_standing,ok
MEX,MX,,error:GBFSDiscoveryError
donkey_den_haag,NL,bicycle,ok
donkey_qbuzz,NL,bicycle,ok
donkey_am,NL,bicycle,ok
CKL,NL,bicycle,ok
donkey_dordrecht,NL,bicycle,ok
donkey_ut,NL,bicycle,ok
donkey_gorinchem,NL,bicycle,ok
donkey_rotterdam_den_haag,NL,bicycle,ok
donkey_rivierenland,NL,bicycle,ok
donkey_katwijk,NL,bicycle,ok
donkey_rt,NL,bicycle,ok
bergen-city-bike,NO,bicycle,ok
ns_ov_fiets,NL,,error:GBFSDiscoveryError
goabout,NL,,error:GBFSDiscoveryError
lillestrom,NO,bicycle,ok
docomo-cycle-tokyo,JP,,error:GBFSDiscoveryError
hellocycling,JP,bicycle,ok
docomo-cycle,JP,,error:GBFSDiscoveryError
dott-asker,NO,bicycle|scooter,ok
dott-veldhoven,NL,bicycle,ok
dott-lillestrøm,NO,bicycle|scooter,ok
dott-stjørdal,NO,bicycle|scooter,ok
dott-trondheim,NO,scooter,ok
dott-sandefjord,NO,bicycle|scooter,ok
voiarendal,NO,scooter_standing,ok
dott-as,NO,bicycle|scooter,ok
dott-bodø,NO,bicycle|scooter,ok
dott-ullensaker,NO,bicycle|scooter,ok
dott-melhus,NO,bicycle|scooter,ok
dott-malvik,NO,bicycle|scooter,ok
dott-eindhoven,NL,bicycle,ok
flamingo_dunedin,NZ,bicycle|scooter_standing,ok
dott-utrecht,NL,bicycle|scooter,ok
flamingo_waimakariri,NZ,bicycle|scooter_standing,ok
flamingo_porirua,NZ,bicycle|scooter_standing,ok
flamingo_christchurch,NZ,bicycle|scooter_standing,ok
flamingo_palmerston_north,NZ,bicycle|scooter_standing,ok
flamingo_auckland,NZ,bicycle|scooter_standing,ok
flamingo_tauranga,NZ,bicycle|scooter_standing,ok
flamingo_wellington,NZ,bicycle|scooter_standing,ok
dott-brzeg-dolny,PL,scooter,ok
dott-bialogard,PL,scooter,ok
dott-chrzanow,PL,scooter,ok
dott-bielawa,PL,bicycle|scooter,ok
nextbike_cw,PL,bicycle|cargo_bicycle,ok
dott-elblag,PL,bicycle|scooter,ok
dott-gdansk,PL,scooter,ok
dott-brodnica,PL,bicycle|scooter,ok
dott-brzeg,PL,scooter,ok
dott-bytom,PL,scooter,ok
dott-gdansk-osowa,PL,bicycle|scooter,ok
dott-iława,PL,scooter,ok
dott-grudziadz,PL,bicycle|scooter,ok
dott-goleniow,PL,scooter,ok
dott-jastrzebie-zdroj,PL,bicycle|scooter,ok
dott-jelenia-gora,PL,scooter,ok
dott-braniewo,PL,scooter,ok
dott-dzierzoniow,PL,bicycle|scooter,ok
dott-kalisz,PL,bicycle|scooter,ok
dott-kołobrzeg,PL,scooter,ok
dott-katowice,PL,scooter,ok
dott-krakow,PL,bicycle|scooter,ok
dott-konin,PL,bicycle|scooter,ok
dott-kwidzyn,PL,scooter,ok
dott-łeba,PL,scooter,ok
dott-krynica-morska,PL,bicycle|scooter,ok
dott-koszalin,PL,bicycle|scooter,ok
dott-lubliniec,PL,scooter,ok
dott-malbork,PL,scooter,ok
dott-miedzyzdroje,PL,scooter,ok
dott-nowogard,PL,scooter,ok
dott-nowy-dwor-mazowiecki,PL,scooter,ok
dott-mielno,PL,bicycle|scooter,ok
dott-mikołow,PL,bicycle|scooter,ok
dott-oława,PL,scooter,ok
dott-nowy-targ,PL,scooter,ok
dott-nysa,PL,bicycle|scooter,ok
jolt_hutt_valley,NZ,scooter_standing,ok
jolt_new_plymouth,NZ,scooter_standing,ok
jolt_selwyn,NZ,scooter_standing,ok
dott-police,PL,bicycle|scooter,ok
dott-ostroda,PL,bicycle|scooter,ok
dott-rewal,PL,scooter,ok
dott-olesnica,PL,scooter,ok
dott-nowy-sacz,PL,bicycle|scooter,ok
dott-prawobrzeze,PL,scooter,ok
dott-oswiecim,PL,bicycle|scooter,ok
dott-piekary-slaskie,PL,bicycle|scooter,ok
dott-siedlce,PL,scooter,ok
dott-skawina,PL,scooter,ok
dott-płock,PL,scooter,ok
dott-poznan,PL,scooter,ok
dott-sobieszewo-island,PL,bicycle|scooter,ok
dott-swidnica,PL,scooter,ok
dott-szczecin,PL,scooter,ok
dott-swinoujscie,PL,scooter,ok
dott-tarnowskie-gory,PL,scooter,ok
dott-słupsk,PL,bicycle|scooter,ok
dott-swiecie,PL,bicycle|scooter,ok
dott-tczew,PL,scooter,ok
dott-warsaw,PL,scooter,ok
dott-trzebnica,PL,bicycle|scooter,ok
dott-wrocław,PL,scooter,ok
dott-ustka,PL,bicycle|scooter,ok
dott-torun,PL,bicycle|scooter,ok
dott-zory,PL,bicycle|scooter,ok
inurba-gdansk,PL,bicycle,ok
nextbike_pj,PL,bicycle,ok
nextbike_ps,PL,bicycle,ok
nextbike_pn,PL,bicycle,ok
nextbike_gp,PL,bicycle,ok
nextbike_pi,PL,bicycle,ok
nextbike_wf,PL,bicycle,ok
nextbike_py,PL,bicycle,ok
nextbike_fp,PL,bicycle,ok
nextbike_zz,PL,bicycle,ok
nextbike_or,PL,bicycle,ok
nextbike_po,PL,bicycle,ok
nextbike_pl,PL,bicycle|cargo_bicycle|other,ok
nextbike_vw,PL,bicycle,ok
dott-doha,QA,bicycle|scooter,ok
nextbike_pm,PL,bicycle,ok
nextbike_bx,PT,bicycle,ok
nextbike_zy,PL,bicycle,ok
nextbike_rc,RO,bicycle,ok
nextbike_tn,PL,bicycle,ok
nextbike_ai,RO,bicycle,ok
nextbike_tb,PT,bicycle,ok
nextbike_rv,RO,,no_vehicle_types
nextbike_rw,RO,bicycle|other,ok
dej_bikecity,RO,bicycle|scooter_standing,ok
hunedoara,RO,bicycle|scooter_standing,ok
nextbike_rt,RO,bicycle,ok
nextbike_bv,RO,bicycle|other,ok
sibiu_bikecity,RO,bicycle|other|scooter_standing,ok
moinesti,RO,bicycle|scooter_standing,ok
targumures,RO,bicycle|scooter_standing,ok
bikr-lisbon,PT,bicycle|scooter,ok
bird-porto,PT,bicycle|scooter,ok
bird-matosinhos,PT,bicycle|scooter,ok
dott-jeddah,SA,bicycle|scooter,ok
santana_bikecity,RO,bicycle|scooter_standing,ok
dott-hoganas,SE,bicycle|scooter,ok
dott-sbf,SA,bicycle|scooter,ok
dott-riyadh,SA,bicycle|scooter,ok
bora_viseu,PT,bicycle,ok
dott-eskilstuna,SE,bicycle|scooter,ok
dott-gothenburg,SE,bicycle|scooter,ok
dott-helsingborg,SE,bicycle|scooter,ok
dott-partille,SE,bicycle|scooter,ok
dott-lidkoping,SE,bicycle|scooter,ok
dott-jonkoping,SE,bicycle|scooter,ok
dott-trollhattan,SE,bicycle|scooter,ok
dott-skovde,SE,bicycle|scooter,ok
dott-varberg,SE,bicycle|scooter,ok
dott-vaxjo,SE,bicycle|scooter,ok
dott-varnamo,SE,bicycle|scooter,ok
donkey_malmoe,SE,bicycle,ok
bird-cascais,PT,bicycle|scooter,ok
lund,SE,bicycle,ok
dott-banska-bystrica,SK,bicycle|scooter,ok
nextbike_zc,SE,cargo_bicycle,ok
ljubljana,SI,bicycle,ok
nextbike_zg,SE,bicycle,ok
nextbike_as,SK,bicycle,ok
nextbike_ce,SI,bicycle,ok
nextbike_cf,SI,bicycle,ok
nextbike_cc,SI,bicycle,ok
nextbike_cd,SI,bicycle,ok
dott-bardejov,SK,bicycle|scooter,ok
nextbike_cn,SI,bicycle,ok
nextbike_ak,SK,bicycle,ok
maribor,SI,bicycle,ok
dott-bratislava,SK,bicycle|scooter,ok
dott-michalovce,SK,bicycle|scooter,ok
dott-humenne,SK,bicycle|scooter,ok
dott-kosice,SK,bicycle|scooter,ok
dott-trnava,SK,bicycle|scooter,ok
dott-poprad,SK,bicycle|scooter,ok
dott-martin,SK,bicycle|scooter,ok
dott-nitra,SK,bicycle|scooter,ok
dott-liptovsky-mikulas,SK,bicycle|scooter,ok
dott-presov,SK,bicycle|scooter,ok
dott-vranov-nad-toplou,SK,bicycle|scooter,ok
dott-prievidza,SK,bicycle|scooter,ok
nextbike_av,SK,bicycle,ok
dott-pezinok,SK,bicycle|scooter,ok
dott-zvolen,SK,bicycle|scooter,ok
linka_aar_bike,TR,bicycle,ok
bcycle_aventura,US,,error:GBFSDiscoveryError
bcycle_bikelnk,US,,error:GBFSDiscoveryError
bcycle_bentonville,US,,error:GBFSDiscoveryError
bcycle_bublr,US,,error:GBFSDiscoveryError
bcycle_cincyredbike,US,,error:GBFSDiscoveryError
bcycle_desmoines,US,,error:GBFSDiscoveryError
BoltEU_Washington DC,US,bicycle|scooter_standing,ok
bike_chattanooga,US,bicycle|scooter_standing,ok
lyft_bay,US,bicycle,ok
go_biki,US,bicycle|scooter_standing,ok
biketown_pdx,US,bicycle|scooter,ok
bcycle_memphis,US,,error:GBFSDiscoveryError
bcycle_elpaso,US,,error:GBFSDiscoveryError
bcycle_boulder,US,,error:GBFSDiscoveryError
bcycle_greenbikeslc,US,,error:GBFSDiscoveryError
bluebikes,US,,error:GBFSDiscoveryError
bcycle_clemson,US,,error:GBFSDiscoveryError
lyft_nyc,US,bicycle,ok
bcycle_jacksoncounty,US,,error:GBFSDiscoveryError
bcycle_heartland,US,,error:GBFSDiscoveryError
bcycle_pacersbikeshare,US,,error:GBFSDiscoveryError
bcycle_greenville,US,,error:GBFSDiscoveryError
austin,US,bicycle|scooter_standing,ok
bcycle_indego,US,,error:GBFSDiscoveryError
lime_atlanta,US,bicycle|scooter,ok
lime_arlington,US,bicycle|scooter,ok
cabi,US,bicycle,ok
lime_baltimore,US,bicycle|scooter,ok
miamiunderline,US,bicycle|scooter_standing,ok
lyft_chi,US,bicycle|scooter,ok
lime_chicago,US,bicycle|scooter,ok
lime_colorado_springs,US,bicycle|scooter,ok
lime_new_york,US,bicycle|scooter,ok
bike_share_hawaii,US,bicycle|scooter_standing,ok
lime_detroit,US,bicycle|scooter,ok
lime_louisville,US,bicycle|scooter,ok
lime_lincoln,US,bicycle|scooter,ok
lime_denver,US,bicycle|scooter,ok
bcycle_lametro,US,,error:GBFSDiscoveryError
lime_portland,US,bicycle|scooter,ok
bcycle_nashville,US,,error:GBFSDiscoveryError
bcycle_madison,US,,error:GBFSDiscoveryError
lime_san_francisco,US,bicycle|scooter,ok
bcycle_redding,US,,error:GBFSDiscoveryError
lime_san_jose,US,bicycle|scooter,ok
lime_washington_dc,US,bicycle|scooter,ok
lime_cleveland,US,bicycle|scooter,ok
lime_grand_rapids,US,bicycle|scooter,ok
peacehealth_rides,US,,error:GBFSDiscoveryError
lyft_den,US,bicycle|scooter,ok
lime_seattle,US,bicycle|scooter,ok
bcycle_rtcbikeshare,US,,error:GBFSDiscoveryError
bcycle_sanantonio,US,,error:GBFSDiscoveryError
bcycle_santacruz,US,,error:GBFSDiscoveryError
reddy_bikeshare,US,,error:GBFSDiscoveryError
bcycle_santabarbara,US,,error:GBFSDiscoveryError
bcycle_valentine,US,,error:GBFSDiscoveryError
lime_oakland,US,bicycle|scooter,ok
bcycle_truckee,US,,error:GBFSDiscoveryError
mogo,US,bicycle|scooter_standing,ok
pittsburgh,US,bicycle|scooter_standing,ok
nextbike_gs,XK,bicycle,ok
sbu,US,bicycle|scooter_standing,ok
fortworth,US,bicycle|scooter_standing,ok
biketown_nike,US,bicycle|scooter_standing,ok
we_cycle,US,bicycle|scooter_standing,ok
tugo,US,bicycle|scooter_standing,ok
